number,opened_at,updated_at,caller,company,short_description,description,category,subcategory,impact,urgency,priority,state,assignment_group,assigned_to,channel,service,configuration_item,location,resolution_notes
INC0000001,2026-05-01 12:15:00,2026-05-01 19:23:00,Morgan Lee,Primatech Paper,Scheduled workflow creating duplicate records,A scheduled workflow is creating duplicate records in the downstream system.,Software,Workflow,2 - Medium,2 - Medium,3 - Moderate,New,Application Engineering,,Portal,Admin Portal,User Management,Remote,
INC0000002,2026-05-08 16:38:00,2026-05-08 17:13:00,Cameron Brown,Umbrella Health,One user locked out,One user is locked out of the workspace but other users can log in successfully.,Access,Account Lockout,3 - Low,3 - Low,5 - Planning,In Progress,Service Desk,,Phone,Security Review,Webhook Gateway,Remote,
INC0000003,2026-05-14 13:17:00,2026-05-14 17:30:00,Avery Patel,Pied Piper,Password reset email not received,The user cannot reset their password because the reset email never arrives.,Access,Password Reset,3 - Low,2 - Medium,4 - Low,In Progress,Service Desk,,Portal,Admin Portal,Salesforce Connector,Chicago,
INC0000004,2026-05-20 12:51:00,2026-05-20 14:37:00,Cameron Brown,Massive Dynamic,Question about encryption at rest,A security reviewer is asking whether customer data is encrypted at rest.,Security,Data Protection,3 - Low,2 - Medium,4 - Low,New,Security Operations,,Phone,Admin Portal,User Management,Washington DC,
INC0000005,2026-05-19 11:45:00,2026-05-19 13:47:00,Casey Nguyen,Oceanic Airlines,Question about encryption at rest,A security reviewer is asking whether customer data is encrypted at rest.,Security,Data Protection,3 - Low,2 - Medium,4 - Low,New,Security Operations,,Portal,Reporting Dashboard,Salesforce Connector,San Francisco,
INC0000006,2026-05-15 13:10:00,2026-05-16 00:32:00,Riley Johnson,Umbrella Health,Customer was charged twice,The customer reports they were charged twice and needs a refund.,Inquiry,Payment,2 - Medium,2 - Medium,3 - Moderate,On Hold,Finance Operations,,Email,Admin Portal,Billing Engine,New York,
INC0000007,2026-05-13 12:59:00,2026-05-14 09:43:00,Casey Nguyen,Nakatomi Trading,Webhook retry behavior question,The customer asks whether webhook retries and dead-letter queues are supported.,Inquiry,Developer Platform,3 - Low,3 - Low,5 - Planning,New,Customer Success,,Portal,Identity and Access,Okta SSO,Chicago,
INC0000008,2026-05-09 09:13:00,2026-05-10 04:09:00,Avery Patel,Primatech Paper,Access logs requested for audit,The audit team needs access logs for the last quarter.,Security,Audit,2 - Medium,2 - Medium,3 - Moderate,In Progress,Security Operations,,Chat,Integration Platform,Executive Dashboard,New York,
INC0000009,2026-05-05 11:47:00,2026-05-06 05:21:00,Drew Martinez,Stark Industries,Customer was charged twice,The customer reports they were charged twice and needs a refund.,Inquiry,Payment,2 - Medium,2 - Medium,3 - Moderate,In Progress,Finance Operations,,Email,Security Review,User Management,New York,
INC0000010,2026-05-16 09:48:00,2026-05-16 11:43:00,Taylor Smith,Globex,General request for documentation,The customer is asking for general documentation but did not specify the product area.,Inquiry,General,3 - Low,3 - Low,5 - Planning,On Hold,Service Desk,,Portal,Billing Platform,User Management,San Francisco,
INC0000011,2026-05-20 15:33:00,2026-05-21 00:08:00,Jordan Blake,Dunder Mifflin,Access logs requested for audit,The audit team needs access logs for the last quarter.,Security,Audit,2 - Medium,2 - Medium,3 - Moderate,On Hold,Security Operations,,Phone,Admin Portal,API Gateway,Remote,
INC0000012,2026-05-14 10:29:00,2026-05-14 11:15:00,Riley Johnson,Roxxon Energy,Billing address needs correction,The customer needs the billing address corrected before the next invoice is issued.,Inquiry,Billing Profile,3 - Low,3 - Low,5 - Planning,On Hold,Finance Operations,,Phone,Billing Platform,Salesforce Connector,Washington DC,
INC0000013,2026-05-05 13:48:00,2026-05-05 19:22:00,Cameron Brown,Pied Piper,One user locked out,One user is locked out of the workspace but other users can log in successfully.,Access,Account Lockout,3 - Low,3 - Low,5 - Planning,In Progress,Service Desk,,Portal,Customer Portal,Data Warehouse Sync,Remote,
INC0000014,2026-05-10 11:03:00,2026-05-10 18:59:00,Morgan Lee,Cyberdyne Systems,Question about encryption at rest,A security reviewer is asking whether customer data is encrypted at rest.,Security,Data Protection,3 - Low,2 - Medium,4 - Low,New,Security Operations,,Email,Admin Portal,Executive Dashboard,New York,
INC0000015,2026-05-18 10:16:00,2026-05-19 03:11:00,Quinn Davis,Cyberdyne Systems,Pricing tier explanation requested,The customer wants an explanation of enterprise pricing tiers and additional user pricing.,Inquiry,Pricing,3 - Low,3 - Low,5 - Planning,On Hold,Customer Success,,Phone,Integration Platform,Webhook Gateway,San Francisco,
INC0000016,2026-05-15 16:28:00,2026-05-15 19:43:00,Morgan Lee,Umbrella Health,Question about encryption at rest,A security reviewer is asking whether customer data is encrypted at rest.,Security,Data Protection,3 - Low,2 - Medium,4 - Low,On Hold,Security Operations,,Email,Identity and Access,Okta SSO,Washington DC,
INC0000017,2026-05-01 09:45:00,2026-05-02 05:48:00,Morgan Lee,Umbrella Health,Invoice total appears incorrect,The invoice total appears incorrect for the April renewal and the customer wants a review.,Inquiry,Invoice,3 - Low,2 - Medium,4 - Low,New,Finance Operations,,Email,Customer Portal,Data Warehouse Sync,Chicago,
INC0000018,2026-05-07 16:08:00,2026-05-08 16:07:00,Drew Martinez,Roxxon Energy,Pricing tier explanation requested,The customer wants an explanation of enterprise pricing tiers and additional user pricing.,Inquiry,Pricing,3 - Low,3 - Low,5 - Planning,In Progress,Customer Success,,Chat,Developer Platform,Webhook Gateway,New York,
INC0000019,2026-05-04 14:22:00,2026-05-05 03:48:00,Jordan Blake,Massive Dynamic,Scheduled workflow creating duplicate records,A scheduled workflow is creating duplicate records in the downstream system.,Software,Workflow,2 - Medium,2 - Medium,3 - Moderate,In Progress,Application Engineering,,Phone,Admin Portal,Okta SSO,Remote,
INC0000020,2026-05-07 11:34:00,2026-05-08 01:42:00,Taylor Smith,Hooli,Invoice total appears incorrect,The invoice total appears incorrect for the April renewal and the customer wants a review.,Inquiry,Invoice,3 - Low,2 - Medium,4 - Low,New,Finance Operations,,Portal,Reporting Dashboard,Executive Dashboard,San Francisco,
INC0000021,2026-05-02 16:53:00,2026-05-02 16:58:00,Casey Nguyen,Roxxon Energy,Scheduled workflow creating duplicate records,A scheduled workflow is creating duplicate records in the downstream system.,Software,Workflow,2 - Medium,2 - Medium,3 - Moderate,In Progress,Application Engineering,,Chat,Billing Platform,User Management,New York,
INC0000022,2026-05-02 10:24:00,2026-05-02 10:48:00,Jamie Wilson,Stark Industries,Access logs requested for audit,The audit team needs access logs for the last quarter.,Security,Audit,2 - Medium,2 - Medium,3 - Moderate,On Hold,Security Operations,,Chat,Reporting Dashboard,User Management,New York,
INC0000023,2026-05-10 11:03:00,2026-05-11 05:50:00,Jordan Blake,Nakatomi Trading,One user locked out,One user is locked out of the workspace but other users can log in successfully.,Access,Account Lockout,3 - Low,3 - Low,5 - Planning,New,Service Desk,,Chat,Identity and Access,Okta SSO,Washington DC,
INC0000024,2026-05-06 08:32:00,2026-05-06 11:26:00,Morgan Lee,Initech,General request for documentation,The customer is asking for general documentation but did not specify the product area.,Inquiry,General,3 - Low,3 - Low,5 - Planning,In Progress,Service Desk,,Portal,Admin Portal,Webhook Gateway,Washington DC,
INC0000025,2026-05-19 08:39:00,2026-05-19 11:05:00,Drew Martinez,Oceanic Airlines,Invoice total appears incorrect,The invoice total appears incorrect for the April renewal and the customer wants a review.,Inquiry,Invoice,3 - Low,2 - Medium,4 - Low,New,Finance Operations,,Phone,Identity and Access,API Gateway,New York,
INC0000026,2026-05-13 10:42:00,2026-05-14 07:01:00,Avery Patel,Massive Dynamic,Customer was charged twice,The customer reports they were charged twice and needs a refund.,Inquiry,Payment,2 - Medium,2 - Medium,3 - Moderate,In Progress,Finance Operations,,Portal,Admin Portal,Okta SSO,Remote,
INC0000027,2026-05-17 12:08:00,2026-05-18 00:04:00,Casey Nguyen,Globex,One user locked out,One user is locked out of the workspace but other users can log in successfully.,Access,Account Lockout,3 - Low,3 - Low,5 - Planning,New,Service Desk,,Chat,Identity and Access,API Gateway,Washington DC,
INC0000028,2026-05-20 16:00:00,2026-05-21 13:52:00,Riley Johnson,Nakatomi Trading,Billing address needs correction,The customer needs the billing address corrected before the next invoice is issued.,Inquiry,Billing Profile,3 - Low,3 - Low,5 - Planning,In Progress,Finance Operations,,Portal,Admin Portal,Billing Engine,Remote,
INC0000029,2026-05-09 12:38:00,2026-05-09 19:23:00,Casey Nguyen,Wayne Enterprises,User cannot access admin portal,A payroll administrator cannot access the admin portal before the payroll cutoff.,Access,Login,2 - Medium,1 - High,2 - High,In Progress,Service Desk,,Portal,Reporting Dashboard,Executive Dashboard,Remote,
INC0000030,2026-05-09 08:00:00,2026-05-09 18:49:00,Riley Johnson,Initech,Question about SAML and SCIM support,The customer wants to know whether the API supports SAML authentication and SCIM provisioning.,Inquiry,Product Capability,3 - Low,3 - Low,5 - Planning,On Hold,Customer Success,,Chat,Billing Platform,Executive Dashboard,Washington DC,
INC0000031,2026-05-04 09:56:00,2026-05-05 08:53:00,Cameron Brown,Initech,Production integration stopped processing new records,The production Salesforce integration stopped processing new records and business users are missing updates.,Software,Integration,2 - Medium,1 - High,2 - High,On Hold,Application Engineering,,Email,Customer Portal,Data Warehouse Sync,San Francisco,
INC0000032,2026-05-02 12:23:00,2026-05-02 14:20:00,Casey Nguyen,Wayne Enterprises,User cannot access admin portal,A payroll administrator cannot access the admin portal before the payroll cutoff.,Access,Login,2 - Medium,1 - High,2 - High,In Progress,Service Desk,,Chat,Integration Platform,Salesforce Connector,Washington DC,
INC0000033,2026-05-08 10:51:00,2026-05-08 16:47:00,Jordan Blake,Hooli,User cannot access admin portal,A payroll administrator cannot access the admin portal before the payroll cutoff.,Access,Login,2 - Medium,1 - High,2 - High,In Progress,Service Desk,,Email,Billing Platform,Data Warehouse Sync,Chicago,
INC0000034,2026-05-04 14:55:00,2026-05-04 16:49:00,Casey Nguyen,Massive Dynamic,Password reset email not received,The user cannot reset their password because the reset email never arrives.,Access,Password Reset,3 - Low,2 - Medium,4 - Low,In Progress,Service Desk,,Phone,Integration Platform,Executive Dashboard,New York,
INC0000035,2026-05-01 11:25:00,2026-05-01 21:42:00,Morgan Lee,Dunder Mifflin,Invoice total appears incorrect,The invoice total appears incorrect for the April renewal and the customer wants a review.,Inquiry,Invoice,3 - Low,2 - Medium,4 - Low,On Hold,Finance Operations,,Chat,Reporting Dashboard,Data Warehouse Sync,Washington DC,
INC0000036,2026-05-01 09:56:00,2026-05-01 18:07:00,Riley Johnson,Cyberdyne Systems,SOC 2 report requested,The customer's procurement team needs the latest SOC 2 Type II report for vendor review.,Security,Compliance Documentation,3 - Low,2 - Medium,4 - Low,On Hold,Security Operations,,Chat,Customer Portal,Salesforce Connector,Chicago,
INC0000037,2026-05-14 16:07:00,2026-05-15 05:04:00,Casey Nguyen,Cyberdyne Systems,SOC 2 report requested,The customer's procurement team needs the latest SOC 2 Type II report for vendor review.,Security,Compliance Documentation,3 - Low,2 - Medium,4 - Low,On Hold,Security Operations,,Chat,Reporting Dashboard,Okta SSO,Remote,
INC0000038,2026-05-18 11:23:00,2026-05-19 00:27:00,Avery Patel,Oceanic Airlines,General request for documentation,The customer is asking for general documentation but did not specify the product area.,Inquiry,General,3 - Low,3 - Low,5 - Planning,On Hold,Service Desk,,Phone,Identity and Access,Salesforce Connector,Washington DC,
INC0000039,2026-05-14 13:25:00,2026-05-15 11:43:00,Taylor Smith,Nakatomi Trading,Billing address needs correction,The customer needs the billing address corrected before the next invoice is issued.,Inquiry,Billing Profile,3 - Low,3 - Low,5 - Planning,On Hold,Finance Operations,,Chat,Integration Platform,User Management,New York,
INC0000040,2026-05-13 16:53:00,2026-05-13 17:12:00,Casey Nguyen,Stark Industries,Billing address needs correction,The customer needs the billing address corrected before the next invoice is issued.,Inquiry,Billing Profile,3 - Low,3 - Low,5 - Planning,In Progress,Finance Operations,,Chat,Security Review,Data Warehouse Sync,San Francisco,
INC0000041,2026-05-17 15:50:00,2026-05-18 15:00:00,Morgan Lee,Oceanic Airlines,One user locked out,One user is locked out of the workspace but other users can log in successfully.,Access,Account Lockout,3 - Low,3 - Low,5 - Planning,New,Service Desk,,Email,Reporting Dashboard,Data Warehouse Sync,Chicago,
INC0000042,2026-05-07 10:01:00,2026-05-07 11:16:00,Drew Martinez,Massive Dynamic,Invoice total appears incorrect,The invoice total appears incorrect for the April renewal and the customer wants a review.,Inquiry,Invoice,3 - Low,2 - Medium,4 - Low,In Progress,Finance Operations,,Email,Admin Portal,Executive Dashboard,San Francisco,
INC0000043,2026-05-13 11:09:00,2026-05-14 07:53:00,Morgan Lee,Acme Corp,Pricing tier explanation requested,The customer wants an explanation of enterprise pricing tiers and additional user pricing.,Inquiry,Pricing,3 - Low,3 - Low,5 - Planning,New,Customer Success,,Chat,Security Review,Webhook Gateway,Remote,
INC0000044,2026-05-04 15:08:00,2026-05-05 05:50:00,Cameron Brown,Nakatomi Trading,Invoice total appears incorrect,The invoice total appears incorrect for the April renewal and the customer wants a review.,Inquiry,Invoice,3 - Low,2 - Medium,4 - Low,On Hold,Finance Operations,,Chat,Identity and Access,Executive Dashboard,Washington DC,
INC0000045,2026-05-06 15:28:00,2026-05-07 00:16:00,Riley Johnson,Umbrella Health,Webhook retry behavior question,The customer asks whether webhook retries and dead-letter queues are supported.,Inquiry,Developer Platform,3 - Low,3 - Low,5 - Planning,In Progress,Customer Success,,Chat,Developer Platform,Webhook Gateway,Remote,
INC0000046,2026-05-08 12:21:00,2026-05-08 23:18:00,Morgan Lee,Nakatomi Trading,Billing address needs correction,The customer needs the billing address corrected before the next invoice is issued.,Inquiry,Billing Profile,3 - Low,3 - Low,5 - Planning,New,Finance Operations,,Chat,Billing Platform,Billing Engine,New York,
INC0000047,2026-05-03 14:26:00,2026-05-04 01:00:00,Quinn Davis,Massive Dynamic,One user locked out,One user is locked out of the workspace but other users can log in successfully.,Access,Account Lockout,3 - Low,3 - Low,5 - Planning,In Progress,Service Desk,,Chat,Customer Portal,Webhook Gateway,Washington DC,
INC0000048,2026-05-19 14:30:00,2026-05-19 14:52:00,Quinn Davis,Stark Industries,Production integration stopped processing new records,The production Salesforce integration stopped processing new records and business users are missing updates.,Software,Integration,2 - Medium,1 - High,2 - High,In Progress,Application Engineering,,Email,Security Review,Webhook Gateway,Chicago,
INC0000049,2026-05-16 08:24:00,2026-05-16 19:06:00,Quinn Davis,Oceanic Airlines,Question about SAML and SCIM support,The customer wants to know whether the API supports SAML authentication and SCIM provisioning.,Inquiry,Product Capability,3 - Low,3 - Low,5 - Planning,New,Customer Success,,Portal,Billing Platform,Executive Dashboard,San Francisco,
INC0000050,2026-05-03 14:08:00,2026-05-04 04:19:00,Riley Johnson,Acme Corp,Production integration stopped processing new records,The production Salesforce integration stopped processing new records and business users are missing updates.,Software,Integration,2 - Medium,1 - High,2 - High,New,Application Engineering,,Chat,Security Review,Data Warehouse Sync,Chicago,
INC0000051,2026-05-13 12:48:00,2026-05-14 02:04:00,Morgan Lee,Dunder Mifflin,SOC 2 report requested,The customer's procurement team needs the latest SOC 2 Type II report for vendor review.,Security,Compliance Documentation,3 - Low,2 - Medium,4 - Low,On Hold,Security Operations,,Portal,Developer Platform,Okta SSO,Chicago,
INC0000052,2026-05-21 09:49:00,2026-05-22 05:51:00,Jordan Blake,Pied Piper,Invoice total appears incorrect,The invoice total appears incorrect for the April renewal and the customer wants a review.,Inquiry,Invoice,3 - Low,2 - Medium,4 - Low,New,Finance Operations,,Email,Integration Platform,Webhook Gateway,New York,
INC0000053,2026-05-16 09:36:00,2026-05-16 16:05:00,Riley Johnson,Primatech Paper,User cannot access admin portal,A payroll administrator cannot access the admin portal before the payroll cutoff.,Access,Login,2 - Medium,1 - High,2 - High,On Hold,Service Desk,,Portal,Identity and Access,Billing Engine,New York,
INC0000054,2026-05-04 08:59:00,2026-05-04 18:35:00,Quinn Davis,Oceanic Airlines,Billing address needs correction,The customer needs the billing address corrected before the next invoice is issued.,Inquiry,Billing Profile,3 - Low,3 - Low,5 - Planning,New,Finance Operations,,Email,Security Review,Webhook Gateway,Remote,
INC0000055,2026-05-20 09:50:00,2026-05-21 04:40:00,Avery Patel,Acme Corp,Billing address needs correction,The customer needs the billing address corrected before the next invoice is issued.,Inquiry,Billing Profile,3 - Low,3 - Low,5 - Planning,New,Finance Operations,,Phone,Security Review,Data Warehouse Sync,Remote,
INC0000056,2026-05-16 09:27:00,2026-05-16 21:07:00,Jamie Wilson,Roxxon Energy,Question about SAML and SCIM support,The customer wants to know whether the API supports SAML authentication and SCIM provisioning.,Inquiry,Product Capability,3 - Low,3 - Low,5 - Planning,New,Customer Success,,Phone,Billing Platform,User Management,Washington DC,
INC0000057,2026-05-15 14:52:00,2026-05-16 14:29:00,Avery Patel,Stark Industries,Pricing tier explanation requested,The customer wants an explanation of enterprise pricing tiers and additional user pricing.,Inquiry,Pricing,3 - Low,3 - Low,5 - Planning,In Progress,Customer Success,,Chat,Integration Platform,Salesforce Connector,New York,
INC0000058,2026-05-19 14:21:00,2026-05-19 14:52:00,Avery Patel,Dunder Mifflin,Webhook retry behavior question,The customer asks whether webhook retries and dead-letter queues are supported.,Inquiry,Developer Platform,3 - Low,3 - Low,5 - Planning,New,Customer Success,,Phone,Billing Platform,Executive Dashboard,Chicago,
INC0000059,2026-05-09 12:35:00,2026-05-09 13:08:00,Morgan Lee,Umbrella Health,SOC 2 report requested,The customer's procurement team needs the latest SOC 2 Type II report for vendor review.,Security,Compliance Documentation,3 - Low,2 - Medium,4 - Low,In Progress,Security Operations,,Email,Integration Platform,User Management,San Francisco,
INC0000060,2026-05-15 08:05:00,2026-05-15 17:19:00,Casey Nguyen,Hooli,Pricing tier explanation requested,The customer wants an explanation of enterprise pricing tiers and additional user pricing.,Inquiry,Pricing,3 - Low,3 - Low,5 - Planning,In Progress,Customer Success,,Phone,Reporting Dashboard,Data Warehouse Sync,San Francisco,
INC0000061,2026-05-12 15:17:00,2026-05-13 00:33:00,Morgan Lee,Umbrella Health,SOC 2 report requested,The customer's procurement team needs the latest SOC 2 Type II report for vendor review.,Security,Compliance Documentation,3 - Low,2 - Medium,4 - Low,New,Security Operations,,Email,Integration Platform,Data Warehouse Sync,New York,
INC0000062,2026-05-16 12:46:00,2026-05-17 07:34:00,Drew Martinez,Nakatomi Trading,One user locked out,One user is locked out of the workspace but other users can log in successfully.,Access,Account Lockout,3 - Low,3 - Low,5 - Planning,New,Service Desk,,Phone,Reporting Dashboard,Salesforce Connector,New York,
INC0000063,2026-05-06 12:00:00,2026-05-07 10:34:00,Riley Johnson,Initech,Question about encryption at rest,A security reviewer is asking whether customer data is encrypted at rest.,Security,Data Protection,3 - Low,2 - Medium,4 - Low,On Hold,Security Operations,,Phone,Customer Portal,Okta SSO,New York,
INC0000064,2026-05-04 08:36:00,2026-05-04 18:06:00,Jamie Wilson,Massive Dynamic,Pricing tier explanation requested,The customer wants an explanation of enterprise pricing tiers and additional user pricing.,Inquiry,Pricing,3 - Low,3 - Low,5 - Planning,New,Customer Success,,Phone,Identity and Access,Billing Engine,San Francisco,
INC0000065,2026-05-03 14:31:00,2026-05-03 17:07:00,Jordan Blake,Oceanic Airlines,Scheduled workflow creating duplicate records,A scheduled workflow is creating duplicate records in the downstream system.,Software,Workflow,2 - Medium,2 - Medium,3 - Moderate,On Hold,Application Engineering,,Phone,Billing Platform,Billing Engine,Remote,
INC0000066,2026-05-04 16:48:00,2026-05-05 06:26:00,Drew Martinez,Cyberdyne Systems,Invoice total appears incorrect,The invoice total appears incorrect for the April renewal and the customer wants a review.,Inquiry,Invoice,3 - Low,2 - Medium,4 - Low,In Progress,Finance Operations,,Chat,Integration Platform,User Management,Chicago,
INC0000067,2026-05-10 08:39:00,2026-05-11 07:45:00,Casey Nguyen,Pied Piper,Question about SAML and SCIM support,The customer wants to know whether the API supports SAML authentication and SCIM provisioning.,Inquiry,Product Capability,3 - Low,3 - Low,5 - Planning,On Hold,Customer Success,,Portal,Integration Platform,API Gateway,New York,
INC0000068,2026-05-06 16:04:00,2026-05-06 21:04:00,Jamie Wilson,Hooli,Invoice total appears incorrect,The invoice total appears incorrect for the April renewal and the customer wants a review.,Inquiry,Invoice,3 - Low,2 - Medium,4 - Low,New,Finance Operations,,Email,Developer Platform,API Gateway,Chicago,
INC0000069,2026-05-15 09:43:00,2026-05-15 17:42:00,Drew Martinez,Stark Industries,Billing address needs correction,The customer needs the billing address corrected before the next invoice is issued.,Inquiry,Billing Profile,3 - Low,3 - Low,5 - Planning,New,Finance Operations,,Email,Integration Platform,User Management,New York,
INC0000070,2026-05-05 09:03:00,2026-05-05 14:53:00,Drew Martinez,Stark Industries,Customer was charged twice,The customer reports they were charged twice and needs a refund.,Inquiry,Payment,2 - Medium,2 - Medium,3 - Moderate,New,Finance Operations,,Chat,Reporting Dashboard,Executive Dashboard,Chicago,
INC0000071,2026-05-09 16:34:00,2026-05-10 08:02:00,Drew Martinez,Globex,Access logs requested for audit,The audit team needs access logs for the last quarter.,Security,Audit,2 - Medium,2 - Medium,3 - Moderate,On Hold,Security Operations,,Phone,Customer Portal,User Management,Washington DC,
INC0000072,2026-05-01 09:14:00,2026-05-02 07:07:00,Drew Martinez,Dunder Mifflin,Customer was charged twice,The customer reports they were charged twice and needs a refund.,Inquiry,Payment,2 - Medium,2 - Medium,3 - Moderate,On Hold,Finance Operations,,Portal,Customer Portal,API Gateway,New York,
INC0000073,2026-05-17 15:58:00,2026-05-18 00:09:00,Quinn Davis,Cyberdyne Systems,Pricing tier explanation requested,The customer wants an explanation of enterprise pricing tiers and additional user pricing.,Inquiry,Pricing,3 - Low,3 - Low,5 - Planning,In Progress,Customer Success,,Phone,Developer Platform,Salesforce Connector,San Francisco,
INC0000074,2026-05-11 09:54:00,2026-05-11 15:15:00,Jamie Wilson,Hooli,SOC 2 report requested,The customer's procurement team needs the latest SOC 2 Type II report for vendor review.,Security,Compliance Documentation,3 - Low,2 - Medium,4 - Low,On Hold,Security Operations,,Portal,Reporting Dashboard,User Management,San Francisco,
INC0000075,2026-05-11 12:20:00,2026-05-11 16:09:00,Cameron Brown,Hooli,API endpoint returning 500 errors,The customer is receiving 500 errors from the API endpoint after the latest release.,Software,API,2 - Medium,2 - Medium,3 - Moderate,In Progress,Application Engineering,,Portal,Customer Portal,Executive Dashboard,New York,
INC0000076,2026-05-12 15:40:00,2026-05-13 06:28:00,Casey Nguyen,Acme Corp,General request for documentation,The customer is asking for general documentation but did not specify the product area.,Inquiry,General,3 - Low,3 - Low,5 - Planning,In Progress,Service Desk,,Chat,Reporting Dashboard,Billing Engine,San Francisco,
INC0000077,2026-05-01 11:45:00,2026-05-01 17:04:00,Jordan Blake,Nakatomi Trading,Scheduled workflow creating duplicate records,A scheduled workflow is creating duplicate records in the downstream system.,Software,Workflow,2 - Medium,2 - Medium,3 - Moderate,New,Application Engineering,,Portal,Security Review,Salesforce Connector,San Francisco,
INC0000078,2026-05-21 10:31:00,2026-05-22 08:49:00,Riley Johnson,Nakatomi Trading,Scheduled workflow creating duplicate records,A scheduled workflow is creating duplicate records in the downstream system.,Software,Workflow,2 - Medium,2 - Medium,3 - Moderate,In Progress,Application Engineering,,Email,Security Review,Executive Dashboard,San Francisco,
INC0000079,2026-05-13 11:58:00,2026-05-14 07:30:00,Taylor Smith,Primatech Paper,User cannot access admin portal,A payroll administrator cannot access the admin portal before the payroll cutoff.,Access,Login,2 - Medium,1 - High,2 - High,In Progress,Service Desk,,Phone,Admin Portal,API Gateway,Washington DC,
INC0000080,2026-05-01 12:46:00,2026-05-01 22:39:00,Drew Martinez,Cyberdyne Systems,Customer was charged twice,The customer reports they were charged twice and needs a refund.,Inquiry,Payment,2 - Medium,2 - Medium,3 - Moderate,In Progress,Finance Operations,,Chat,Developer Platform,Billing Engine,Chicago,
INC0000081,2026-05-18 16:24:00,2026-05-19 07:23:00,Casey Nguyen,Wayne Enterprises,SOC 2 report requested,The customer's procurement team needs the latest SOC 2 Type II report for vendor review.,Security,Compliance Documentation,3 - Low,2 - Medium,4 - Low,New,Security Operations,,Chat,Integration Platform,User Management,Remote,
INC0000082,2026-05-16 14:24:00,2026-05-17 12:14:00,Taylor Smith,Dunder Mifflin,SOC 2 report requested,The customer's procurement team needs the latest SOC 2 Type II report for vendor review.,Security,Compliance Documentation,3 - Low,2 - Medium,4 - Low,New,Security Operations,,Phone,Developer Platform,Okta SSO,Remote,
INC0000083,2026-05-04 16:58:00,2026-05-05 06:58:00,Taylor Smith,Primatech Paper,Webhook retry behavior question,The customer asks whether webhook retries and dead-letter queues are supported.,Inquiry,Developer Platform,3 - Low,3 - Low,5 - Planning,New,Customer Success,,Chat,Security Review,Billing Engine,Chicago,
INC0000084,2026-05-20 14:41:00,2026-05-20 17:35:00,Cameron Brown,Wayne Enterprises,SOC 2 report requested,The customer's procurement team needs the latest SOC 2 Type II report for vendor review.,Security,Compliance Documentation,3 - Low,2 - Medium,4 - Low,On Hold,Security Operations,,Chat,Security Review,Data Warehouse Sync,Washington DC,
INC0000085,2026-05-20 09:15:00,2026-05-21 05:58:00,Riley Johnson,Roxxon Energy,Dashboard unavailable for executive users,The reporting dashboard is unavailable and executives are asking for an immediate status update.,Software,Reporting,1 - High,1 - High,1 - Critical,In Progress,Application Engineering,,Portal,Integration Platform,Salesforce Connector,Remote,
INC0000086,2026-05-06 12:57:00,2026-05-06 12:59:00,Jordan Blake,Wayne Enterprises,Webhook retry behavior question,The customer asks whether webhook retries and dead-letter queues are supported.,Inquiry,Developer Platform,3 - Low,3 - Low,5 - Planning,In Progress,Customer Success,,Chat,Reporting Dashboard,Data Warehouse Sync,New York,
INC0000087,2026-05-17 14:36:00,2026-05-18 12:26:00,Taylor Smith,Initech,Invoice total appears incorrect,The invoice total appears incorrect for the April renewal and the customer wants a review.,Inquiry,Invoice,3 - Low,2 - Medium,4 - Low,On Hold,Finance Operations,,Chat,Billing Platform,Salesforce Connector,Washington DC,
INC0000088,2026-05-16 10:14:00,2026-05-17 00:54:00,Jamie Wilson,Stark Industries,Invoice total appears incorrect,The invoice total appears incorrect for the April renewal and the customer wants a review.,Inquiry,Invoice,3 - Low,2 - Medium,4 - Low,In Progress,Finance Operations,,Phone,Reporting Dashboard,Okta SSO,Washington DC,
INC0000089,2026-05-03 15:22:00,2026-05-04 09:41:00,Quinn Davis,Oceanic Airlines,Password reset email not received,The user cannot reset their password because the reset email never arrives.,Access,Password Reset,3 - Low,2 - Medium,4 - Low,In Progress,Service Desk,,Email,Reporting Dashboard,Executive Dashboard,San Francisco,
INC0000090,2026-05-04 11:24:00,2026-05-05 05:46:00,Riley Johnson,Cyberdyne Systems,Pricing tier explanation requested,The customer wants an explanation of enterprise pricing tiers and additional user pricing.,Inquiry,Pricing,3 - Low,3 - Low,5 - Planning,On Hold,Customer Success,,Chat,Reporting Dashboard,Okta SSO,Chicago,
INC0000091,2026-05-19 08:58:00,2026-05-20 04:45:00,Riley Johnson,Massive Dynamic,Production integration stopped processing new records,The production Salesforce integration stopped processing new records and business users are missing updates.,Software,Integration,2 - Medium,1 - High,2 - High,New,Application Engineering,,Email,Integration Platform,Data Warehouse Sync,Washington DC,
INC0000092,2026-05-05 09:57:00,2026-05-06 06:38:00,Riley Johnson,Acme Corp,Customer was charged twice,The customer reports they were charged twice and needs a refund.,Inquiry,Payment,2 - Medium,2 - Medium,3 - Moderate,On Hold,Finance Operations,,Phone,Developer Platform,Okta SSO,New York,
INC0000093,2026-05-10 13:47:00,2026-05-11 02:58:00,Taylor Smith,Umbrella Health,API endpoint returning 500 errors,The customer is receiving 500 errors from the API endpoint after the latest release.,Software,API,2 - Medium,2 - Medium,3 - Moderate,New,Application Engineering,,Phone,Identity and Access,API Gateway,San Francisco,
INC0000094,2026-05-11 09:29:00,2026-05-11 11:38:00,Casey Nguyen,Pied Piper,Billing address needs correction,The customer needs the billing address corrected before the next invoice is issued.,Inquiry,Billing Profile,3 - Low,3 - Low,5 - Planning,New,Finance Operations,,Chat,Security Review,Data Warehouse Sync,Remote,
INC0000095,2026-05-18 09:29:00,2026-05-18 21:12:00,Riley Johnson,Primatech Paper,Customer was charged twice,The customer reports they were charged twice and needs a refund.,Inquiry,Payment,2 - Medium,2 - Medium,3 - Moderate,New,Finance Operations,,Email,Security Review,Data Warehouse Sync,San Francisco,
INC0000096,2026-05-20 16:20:00,2026-05-21 11:34:00,Morgan Lee,Oceanic Airlines,Production integration stopped processing new records,The production Salesforce integration stopped processing new records and business users are missing updates.,Software,Integration,2 - Medium,1 - High,2 - High,On Hold,Application Engineering,,Chat,Developer Platform,API Gateway,Remote,
INC0000097,2026-05-02 08:19:00,2026-05-02 23:26:00,Casey Nguyen,Globex,User cannot access admin portal,A payroll administrator cannot access the admin portal before the payroll cutoff.,Access,Login,2 - Medium,1 - High,2 - High,In Progress,Service Desk,,Phone,Billing Platform,User Management,Washington DC,
INC0000098,2026-05-19 10:56:00,2026-05-20 00:37:00,Jamie Wilson,Globex,Question about SAML and SCIM support,The customer wants to know whether the API supports SAML authentication and SCIM provisioning.,Inquiry,Product Capability,3 - Low,3 - Low,5 - Planning,New,Customer Success,,Phone,Security Review,API Gateway,New York,
INC0000099,2026-05-15 11:54:00,2026-05-15 23:00:00,Avery Patel,Oceanic Airlines,Webhook retry behavior question,The customer asks whether webhook retries and dead-letter queues are supported.,Inquiry,Developer Platform,3 - Low,3 - Low,5 - Planning,In Progress,Customer Success,,Phone,Identity and Access,Okta SSO,New York,
INC0000100,2026-05-15 09:42:00,2026-05-15 16:23:00,Drew Martinez,Oceanic Airlines,Scheduled workflow creating duplicate records,A scheduled workflow is creating duplicate records in the downstream system.,Software,Workflow,2 - Medium,2 - Medium,3 - Moderate,In Progress,Application Engineering,,Email,Customer Portal,Okta SSO,New York,
INC0000101,2026-05-03 16:13:00,2026-05-04 10:26:00,Casey Nguyen,Dunder Mifflin,One user locked out,One user is locked out of the workspace but other users can log in successfully.,Access,Account Lockout,3 - Low,3 - Low,5 - Planning,On Hold,Service Desk,,Portal,Identity and Access,Billing Engine,Chicago,
INC0000102,2026-05-05 16:16:00,2026-05-05 21:23:00,Jordan Blake,Oceanic Airlines,User cannot access admin portal,A payroll administrator cannot access the admin portal before the payroll cutoff.,Access,Login,2 - Medium,1 - High,2 - High,In Progress,Service Desk,,Email,Billing Platform,Okta SSO,Washington DC,
INC0000103,2026-05-01 10:16:00,2026-05-01 11:24:00,Quinn Davis,Primatech Paper,SOC 2 report requested,The customer's procurement team needs the latest SOC 2 Type II report for vendor review.,Security,Compliance Documentation,3 - Low,2 - Medium,4 - Low,In Progress,Security Operations,,Chat,Admin Portal,Salesforce Connector,Chicago,
INC0000104,2026-05-19 09:28:00,2026-05-20 01:42:00,Jordan Blake,Cyberdyne Systems,General request for documentation,The customer is asking for general documentation but did not specify the product area.,Inquiry,General,3 - Low,3 - Low,5 - Planning,On Hold,Service Desk,,Portal,Reporting Dashboard,Executive Dashboard,Remote,
INC0000105,2026-05-13 14:43:00,2026-05-13 18:14:00,Jamie Wilson,Primatech Paper,Pricing tier explanation requested,The customer wants an explanation of enterprise pricing tiers and additional user pricing.,Inquiry,Pricing,3 - Low,3 - Low,5 - Planning,In Progress,Customer Success,,Email,Admin Portal,Salesforce Connector,Remote,
INC0000106,2026-05-09 16:45:00,2026-05-10 03:09:00,Cameron Brown,Cyberdyne Systems,User cannot access admin portal,A payroll administrator cannot access the admin portal before the payroll cutoff.,Access,Login,2 - Medium,1 - High,2 - High,On Hold,Service Desk,,Chat,Reporting Dashboard,Executive Dashboard,Remote,
INC0000107,2026-05-21 16:46:00,2026-05-21 23:13:00,Casey Nguyen,Massive Dynamic,Scheduled workflow creating duplicate records,A scheduled workflow is creating duplicate records in the downstream system.,Software,Workflow,2 - Medium,2 - Medium,3 - Moderate,In Progress,Application Engineering,,Chat,Security Review,Data Warehouse Sync,San Francisco,
INC0000108,2026-05-11 14:20:00,2026-05-12 11:36:00,Taylor Smith,Wayne Enterprises,Scheduled workflow creating duplicate records,A scheduled workflow is creating duplicate records in the downstream system.,Software,Workflow,2 - Medium,2 - Medium,3 - Moderate,New,Application Engineering,,Portal,Developer Platform,Salesforce Connector,Remote,
INC0000109,2026-05-04 13:51:00,2026-05-04 18:26:00,Drew Martinez,Acme Corp,Question about SAML and SCIM support,The customer wants to know whether the API supports SAML authentication and SCIM provisioning.,Inquiry,Product Capability,3 - Low,3 - Low,5 - Planning,In Progress,Customer Success,,Phone,Identity and Access,Salesforce Connector,San Francisco,
INC0000110,2026-05-10 12:22:00,2026-05-10 15:58:00,Casey Nguyen,Nakatomi Trading,Dashboard unavailable for executive users,The reporting dashboard is unavailable and executives are asking for an immediate status update.,Software,Reporting,1 - High,1 - High,1 - Critical,New,Application Engineering,,Portal,Billing Platform,Executive Dashboard,Chicago,
INC0000111,2026-05-04 12:36:00,2026-05-04 20:27:00,Cameron Brown,Hooli,Question about encryption at rest,A security reviewer is asking whether customer data is encrypted at rest.,Security,Data Protection,3 - Low,2 - Medium,4 - Low,New,Security Operations,,Email,Customer Portal,API Gateway,Chicago,
INC0000112,2026-05-11 13:00:00,2026-05-11 18:55:00,Drew Martinez,Initech,Billing address needs correction,The customer needs the billing address corrected before the next invoice is issued.,Inquiry,Billing Profile,3 - Low,3 - Low,5 - Planning,New,Finance Operations,,Portal,Security Review,Salesforce Connector,Remote,
INC0000113,2026-05-07 14:26:00,2026-05-08 04:47:00,Avery Patel,Initech,General request for documentation,The customer is asking for general documentation but did not specify the product area.,Inquiry,General,3 - Low,3 - Low,5 - Planning,On Hold,Service Desk,,Portal,Reporting Dashboard,Data Warehouse Sync,Remote,
INC0000114,2026-05-06 08:43:00,2026-05-06 11:00:00,Quinn Davis,Massive Dynamic,User cannot access admin portal,A payroll administrator cannot access the admin portal before the payroll cutoff.,Access,Login,2 - Medium,1 - High,2 - High,In Progress,Service Desk,,Phone,Developer Platform,Executive Dashboard,New York,
INC0000115,2026-05-04 13:27:00,2026-05-04 16:45:00,Drew Martinez,Oceanic Airlines,General request for documentation,The customer is asking for general documentation but did not specify the product area.,Inquiry,General,3 - Low,3 - Low,5 - Planning,New,Service Desk,,Email,Developer Platform,API Gateway,San Francisco,
INC0000116,2026-05-01 11:19:00,2026-05-01 18:08:00,Riley Johnson,Initech,Dashboard unavailable for executive users,The reporting dashboard is unavailable and executives are asking for an immediate status update.,Software,Reporting,1 - High,1 - High,1 - Critical,New,Application Engineering,,Portal,Reporting Dashboard,Data Warehouse Sync,San Francisco,
INC0000117,2026-05-06 10:24:00,2026-05-07 04:09:00,Cameron Brown,Umbrella Health,Question about SAML and SCIM support,The customer wants to know whether the API supports SAML authentication and SCIM provisioning.,Inquiry,Product Capability,3 - Low,3 - Low,5 - Planning,In Progress,Customer Success,,Portal,Identity and Access,Salesforce Connector,San Francisco,
INC0000118,2026-05-15 09:55:00,2026-05-15 20:31:00,Drew Martinez,Hooli,Production integration stopped processing new records,The production Salesforce integration stopped processing new records and business users are missing updates.,Software,Integration,2 - Medium,1 - High,2 - High,In Progress,Application Engineering,,Portal,Security Review,User Management,San Francisco,
INC0000119,2026-05-11 10:51:00,2026-05-12 06:20:00,Avery Patel,Dunder Mifflin,Production integration stopped processing new records,The production Salesforce integration stopped processing new records and business users are missing updates.,Software,Integration,2 - Medium,1 - High,2 - High,New,Application Engineering,,Email,Admin Portal,User Management,San Francisco,
INC0000120,2026-05-17 09:25:00,2026-05-17 19:12:00,Casey Nguyen,Wayne Enterprises,Access logs requested for audit,The audit team needs access logs for the last quarter.,Security,Audit,2 - Medium,2 - Medium,3 - Moderate,New,Security Operations,,Portal,Identity and Access,Billing Engine,Washington DC,
INC0000121,2026-05-07 13:22:00,2026-05-08 13:14:00,Taylor Smith,Oceanic Airlines,General request for documentation,The customer is asking for general documentation but did not specify the product area.,Inquiry,General,3 - Low,3 - Low,5 - Planning,New,Service Desk,,Phone,Integration Platform,Salesforce Connector,New York,
INC0000122,2026-05-20 10:48:00,2026-05-21 11:29:00,Taylor Smith,Globex,Password reset email not received,The user cannot reset their password because the reset email never arrives.,Access,Password Reset,3 - Low,2 - Medium,4 - Low,On Hold,Service Desk,,Chat,Developer Platform,Executive Dashboard,Washington DC,
INC0000123,2026-05-21 13:09:00,2026-05-22 03:13:00,Jamie Wilson,Massive Dynamic,SOC 2 report requested,The customer's procurement team needs the latest SOC 2 Type II report for vendor review.,Security,Compliance Documentation,3 - Low,2 - Medium,4 - Low,On Hold,Security Operations,,Portal,Reporting Dashboard,API Gateway,Chicago,
INC0000124,2026-05-03 12:29:00,2026-05-04 02:31:00,Avery Patel,Acme Corp,General request for documentation,The customer is asking for general documentation but did not specify the product area.,Inquiry,General,3 - Low,3 - Low,5 - Planning,On Hold,Service Desk,,Portal,Reporting Dashboard,Salesforce Connector,Washington DC,
INC0000125,2026-05-13 15:37:00,2026-05-14 09:27:00,Jordan Blake,Primatech Paper,General request for documentation,The customer is asking for general documentation but did not specify the product area.,Inquiry,General,3 - Low,3 - Low,5 - Planning,In Progress,Service Desk,,Chat,Developer Platform,Webhook Gateway,Washington DC,
INC0000126,2026-05-02 15:06:00,2026-05-03 01:51:00,Cameron Brown,Globex,User cannot access admin portal,A payroll administrator cannot access the admin portal before the payroll cutoff.,Access,Login,2 - Medium,1 - High,2 - High,New,Service Desk,,Chat,Billing Platform,Okta SSO,San Francisco,
INC0000127,2026-05-17 10:23:00,2026-05-17 22:21:00,Quinn Davis,Stark Industries,General request for documentation,The customer is asking for general documentation but did not specify the product area.,Inquiry,General,3 - Low,3 - Low,5 - Planning,On Hold,Service Desk,,Portal,Security Review,Data Warehouse Sync,Chicago,
INC0000128,2026-05-11 09:35:00,2026-05-12 06:59:00,Riley Johnson,Stark Industries,API endpoint returning 500 errors,The customer is receiving 500 errors from the API endpoint after the latest release.,Software,API,2 - Medium,2 - Medium,3 - Moderate,New,Application Engineering,,Email,Billing Platform,Data Warehouse Sync,Chicago,
INC0000129,2026-05-21 14:08:00,2026-05-22 09:53:00,Riley Johnson,Globex,Billing address needs correction,The customer needs the billing address corrected before the next invoice is issued.,Inquiry,Billing Profile,3 - Low,3 - Low,5 - Planning,New,Finance Operations,,Portal,Security Review,Data Warehouse Sync,San Francisco,
INC0000130,2026-05-12 08:23:00,2026-05-12 17:34:00,Avery Patel,Umbrella Health,General request for documentation,The customer is asking for general documentation but did not specify the product area.,Inquiry,General,3 - Low,3 - Low,5 - Planning,New,Service Desk,,Email,Developer Platform,Webhook Gateway,New York,
INC0000131,2026-05-10 09:32:00,2026-05-11 10:06:00,Cameron Brown,Dunder Mifflin,API endpoint returning 500 errors,The customer is receiving 500 errors from the API endpoint after the latest release.,Software,API,2 - Medium,2 - Medium,3 - Moderate,On Hold,Application Engineering,,Email,Customer Portal,Data Warehouse Sync,Washington DC,
INC0000132,2026-05-05 10:11:00,2026-05-06 09:00:00,Taylor Smith,Cyberdyne Systems,Access logs requested for audit,The audit team needs access logs for the last quarter.,Security,Audit,2 - Medium,2 - Medium,3 - Moderate,In Progress,Security Operations,,Phone,Developer Platform,Okta SSO,New York,
INC0000133,2026-05-20 12:48:00,2026-05-21 12:38:00,Casey Nguyen,Massive Dynamic,Webhook retry behavior question,The customer asks whether webhook retries and dead-letter queues are supported.,Inquiry,Developer Platform,3 - Low,3 - Low,5 - Planning,In Progress,Customer Success,,Email,Integration Platform,API Gateway,Chicago,
INC0000134,2026-05-15 12:49:00,2026-05-16 01:21:00,Quinn Davis,Nakatomi Trading,Webhook retry behavior question,The customer asks whether webhook retries and dead-letter queues are supported.,Inquiry,Developer Platform,3 - Low,3 - Low,5 - Planning,On Hold,Customer Success,,Email,Billing Platform,Webhook Gateway,Chicago,
INC0000135,2026-05-21 15:55:00,2026-05-22 03:30:00,Morgan Lee,Roxxon Energy,Dashboard unavailable for executive users,The reporting dashboard is unavailable and executives are asking for an immediate status update.,Software,Reporting,1 - High,1 - High,1 - Critical,New,Application Engineering,,Email,Admin Portal,API Gateway,Chicago,
INC0000136,2026-05-17 10:53:00,2026-05-17 23:58:00,Casey Nguyen,Roxxon Energy,Webhook retry behavior question,The customer asks whether webhook retries and dead-letter queues are supported.,Inquiry,Developer Platform,3 - Low,3 - Low,5 - Planning,New,Customer Success,,Chat,Developer Platform,Data Warehouse Sync,Remote,
INC0000137,2026-05-17 13:15:00,2026-05-18 01:20:00,Casey Nguyen,Wayne Enterprises,Access logs requested for audit,The audit team needs access logs for the last quarter.,Security,Audit,2 - Medium,2 - Medium,3 - Moderate,New,Security Operations,,Phone,Customer Portal,Data Warehouse Sync,New York,
INC0000138,2026-05-02 12:58:00,2026-05-03 04:42:00,Taylor Smith,Dunder Mifflin,User cannot access admin portal,A payroll administrator cannot access the admin portal before the payroll cutoff.,Access,Login,2 - Medium,1 - High,2 - High,On Hold,Service Desk,,Portal,Developer Platform,Executive Dashboard,Remote,
INC0000139,2026-05-09 11:53:00,2026-05-09 16:28:00,Drew Martinez,Primatech Paper,Production integration stopped processing new records,The production Salesforce integration stopped processing new records and business users are missing updates.,Software,Integration,2 - Medium,1 - High,2 - High,In Progress,Application Engineering,,Email,Security Review,Salesforce Connector,Chicago,
INC0000140,2026-05-02 11:26:00,2026-05-03 08:16:00,Jamie Wilson,Cyberdyne Systems,Scheduled workflow creating duplicate records,A scheduled workflow is creating duplicate records in the downstream system.,Software,Workflow,2 - Medium,2 - Medium,3 - Moderate,In Progress,Application Engineering,,Portal,Admin Portal,Salesforce Connector,Washington DC,
INC0000141,2026-05-05 12:27:00,2026-05-05 13:06:00,Casey Nguyen,Wayne Enterprises,Invoice total appears incorrect,The invoice total appears incorrect for the April renewal and the customer wants a review.,Inquiry,Invoice,3 - Low,2 - Medium,4 - Low,On Hold,Finance Operations,,Portal,Security Review,Billing Engine,Washington DC,
INC0000142,2026-05-03 16:34:00,2026-05-04 09:24:00,Cameron Brown,Nakatomi Trading,Question about encryption at rest,A security reviewer is asking whether customer data is encrypted at rest.,Security,Data Protection,3 - Low,2 - Medium,4 - Low,In Progress,Security Operations,,Portal,Customer Portal,User Management,San Francisco,
INC0000143,2026-05-09 08:22:00,2026-05-09 10:44:00,Morgan Lee,Umbrella Health,Question about encryption at rest,A security reviewer is asking whether customer data is encrypted at rest.,Security,Data Protection,3 - Low,2 - Medium,4 - Low,New,Security Operations,,Phone,Identity and Access,Billing Engine,Washington DC,
INC0000144,2026-05-21 10:53:00,2026-05-22 11:36:00,Jamie Wilson,Massive Dynamic,SOC 2 report requested,The customer's procurement team needs the latest SOC 2 Type II report for vendor review.,Security,Compliance Documentation,3 - Low,2 - Medium,4 - Low,New,Security Operations,,Chat,Billing Platform,Billing Engine,Remote,
INC0000145,2026-05-07 08:50:00,2026-05-07 15:46:00,Avery Patel,Acme Corp,Billing address needs correction,The customer needs the billing address corrected before the next invoice is issued.,Inquiry,Billing Profile,3 - Low,3 - Low,5 - Planning,On Hold,Finance Operations,,Chat,Reporting Dashboard,User Management,Chicago,
INC0000146,2026-05-21 11:18:00,2026-05-21 23:13:00,Jordan Blake,Pied Piper,Dashboard unavailable for executive users,The reporting dashboard is unavailable and executives are asking for an immediate status update.,Software,Reporting,1 - High,1 - High,1 - Critical,New,Application Engineering,,Phone,Identity and Access,API Gateway,San Francisco,
INC0000147,2026-05-15 14:21:00,2026-05-15 19:52:00,Jamie Wilson,Primatech Paper,Access logs requested for audit,The audit team needs access logs for the last quarter.,Security,Audit,2 - Medium,2 - Medium,3 - Moderate,New,Security Operations,,Chat,Identity and Access,API Gateway,Remote,
INC0000148,2026-05-20 10:34:00,2026-05-20 19:54:00,Morgan Lee,Globex,Question about SAML and SCIM support,The customer wants to know whether the API supports SAML authentication and SCIM provisioning.,Inquiry,Product Capability,3 - Low,3 - Low,5 - Planning,In Progress,Customer Success,,Chat,Identity and Access,API Gateway,Washington DC,
INC0000149,2026-05-06 15:22:00,2026-05-07 05:24:00,Avery Patel,Primatech Paper,Question about SAML and SCIM support,The customer wants to know whether the API supports SAML authentication and SCIM provisioning.,Inquiry,Product Capability,3 - Low,3 - Low,5 - Planning,On Hold,Customer Success,,Portal,Security Review,API Gateway,Remote,
INC0000150,2026-05-12 16:51:00,2026-05-13 16:34:00,Jordan Blake,Initech,Access logs requested for audit,The audit team needs access logs for the last quarter.,Security,Audit,2 - Medium,2 - Medium,3 - Moderate,New,Security Operations,,Email,Billing Platform,Executive Dashboard,Remote,
INC0000151,2026-05-21 13:23:00,2026-05-22 01:59:00,Drew Martinez,Acme Corp,Invoice total appears incorrect,The invoice total appears incorrect for the April renewal and the customer wants a review.,Inquiry,Invoice,3 - Low,2 - Medium,4 - Low,In Progress,Finance Operations,,Phone,Billing Platform,Executive Dashboard,San Francisco,
INC0000152,2026-05-19 10:33:00,2026-05-19 21:58:00,Riley Johnson,Wayne Enterprises,API endpoint returning 500 errors,The customer is receiving 500 errors from the API endpoint after the latest release.,Software,API,2 - Medium,2 - Medium,3 - Moderate,New,Application Engineering,,Email,Integration Platform,Salesforce Connector,San Francisco,
INC0000153,2026-05-13 16:07:00,2026-05-14 00:56:00,Jamie Wilson,Stark Industries,General request for documentation,The customer is asking for general documentation but did not specify the product area.,Inquiry,General,3 - Low,3 - Low,5 - Planning,On Hold,Service Desk,,Chat,Integration Platform,API Gateway,New York,
INC0000154,2026-05-05 09:28:00,2026-05-05 15:25:00,Jamie Wilson,Primatech Paper,Scheduled workflow creating duplicate records,A scheduled workflow is creating duplicate records in the downstream system.,Software,Workflow,2 - Medium,2 - Medium,3 - Moderate,On Hold,Application Engineering,,Phone,Admin Portal,Data Warehouse Sync,Remote,
INC0000155,2026-05-10 10:45:00,2026-05-11 09:44:00,Taylor Smith,Primatech Paper,Billing address needs correction,The customer needs the billing address corrected before the next invoice is issued.,Inquiry,Billing Profile,3 - Low,3 - Low,5 - Planning,New,Finance Operations,,Email,Identity and Access,Webhook Gateway,New York,
INC0000156,2026-05-16 08:23:00,2026-05-17 01:59:00,Jamie Wilson,Wayne Enterprises,Invoice total appears incorrect,The invoice total appears incorrect for the April renewal and the customer wants a review.,Inquiry,Invoice,3 - Low,2 - Medium,4 - Low,New,Finance Operations,,Phone,Billing Platform,Salesforce Connector,San Francisco,
INC0000157,2026-05-17 14:49:00,2026-05-18 04:41:00,Morgan Lee,Cyberdyne Systems,Pricing tier explanation requested,The customer wants an explanation of enterprise pricing tiers and additional user pricing.,Inquiry,Pricing,3 - Low,3 - Low,5 - Planning,On Hold,Customer Success,,Portal,Billing Platform,Data Warehouse Sync,San Francisco,
INC0000158,2026-05-17 13:08:00,2026-05-18 13:43:00,Drew Martinez,Oceanic Airlines,Webhook retry behavior question,The customer asks whether webhook retries and dead-letter queues are supported.,Inquiry,Developer Platform,3 - Low,3 - Low,5 - Planning,In Progress,Customer Success,,Portal,Billing Platform,Billing Engine,Remote,
INC0000159,2026-05-05 12:10:00,2026-05-05 17:30:00,Casey Nguyen,Roxxon Energy,General request for documentation,The customer is asking for general documentation but did not specify the product area.,Inquiry,General,3 - Low,3 - Low,5 - Planning,New,Service Desk,,Phone,Identity and Access,API Gateway,New York,
INC0000160,2026-05-05 12:39:00,2026-05-06 05:44:00,Taylor Smith,Nakatomi Trading,Customer was charged twice,The customer reports they were charged twice and needs a refund.,Inquiry,Payment,2 - Medium,2 - Medium,3 - Moderate,On Hold,Finance Operations,,Phone,Billing Platform,Billing Engine,Washington DC,
INC0000161,2026-05-01 09:02:00,2026-05-02 05:51:00,Riley Johnson,Cyberdyne Systems,Dashboard unavailable for executive users,The reporting dashboard is unavailable and executives are asking for an immediate status update.,Software,Reporting,1 - High,1 - High,1 - Critical,On Hold,Application Engineering,,Portal,Integration Platform,User Management,San Francisco,
INC0000162,2026-05-21 12:30:00,2026-05-21 20:21:00,Quinn Davis,Pied Piper,Billing address needs correction,The customer needs the billing address corrected before the next invoice is issued.,Inquiry,Billing Profile,3 - Low,3 - Low,5 - Planning,New,Finance Operations,,Portal,Reporting Dashboard,Executive Dashboard,New York,
INC0000163,2026-05-14 15:29:00,2026-05-14 21:50:00,Taylor Smith,Cyberdyne Systems,Webhook retry behavior question,The customer asks whether webhook retries and dead-letter queues are supported.,Inquiry,Developer Platform,3 - Low,3 - Low,5 - Planning,On Hold,Customer Success,,Phone,Identity and Access,Data Warehouse Sync,San Francisco,
INC0000164,2026-05-12 16:35:00,2026-05-12 19:55:00,Jamie Wilson,Umbrella Health,User cannot access admin portal,A payroll administrator cannot access the admin portal before the payroll cutoff.,Access,Login,2 - Medium,1 - High,2 - High,In Progress,Service Desk,,Email,Admin Portal,API Gateway,New York,
INC0000165,2026-05-02 12:24:00,2026-05-03 07:50:00,Taylor Smith,Umbrella Health,Scheduled workflow creating duplicate records,A scheduled workflow is creating duplicate records in the downstream system.,Software,Workflow,2 - Medium,2 - Medium,3 - Moderate,New,Application Engineering,,Email,Identity and Access,Data Warehouse Sync,San Francisco,
INC0000166,2026-05-15 15:56:00,2026-05-16 01:27:00,Morgan Lee,Acme Corp,General request for documentation,The customer is asking for general documentation but did not specify the product area.,Inquiry,General,3 - Low,3 - Low,5 - Planning,New,Service Desk,,Email,Security Review,Executive Dashboard,Washington DC,
INC0000167,2026-05-02 08:18:00,2026-05-02 23:56:00,Jamie Wilson,Roxxon Energy,Question about encryption at rest,A security reviewer is asking whether customer data is encrypted at rest.,Security,Data Protection,3 - Low,2 - Medium,4 - Low,New,Security Operations,,Chat,Reporting Dashboard,Okta SSO,New York,
INC0000168,2026-05-12 14:23:00,2026-05-12 15:48:00,Drew Martinez,Acme Corp,Customer was charged twice,The customer reports they were charged twice and needs a refund.,Inquiry,Payment,2 - Medium,2 - Medium,3 - Moderate,On Hold,Finance Operations,,Phone,Integration Platform,Data Warehouse Sync,Remote,
INC0000169,2026-05-17 15:48:00,2026-05-18 09:05:00,Drew Martinez,Dunder Mifflin,Access logs requested for audit,The audit team needs access logs for the last quarter.,Security,Audit,2 - Medium,2 - Medium,3 - Moderate,New,Security Operations,,Chat,Admin Portal,Billing Engine,Chicago,
INC0000170,2026-05-18 13:48:00,2026-05-18 18:00:00,Cameron Brown,Cyberdyne Systems,SOC 2 report requested,The customer's procurement team needs the latest SOC 2 Type II report for vendor review.,Security,Compliance Documentation,3 - Low,2 - Medium,4 - Low,New,Security Operations,,Portal,Security Review,Okta SSO,New York,
INC0000171,2026-05-16 16:29:00,2026-05-16 21:07:00,Cameron Brown,Roxxon Energy,SOC 2 report requested,The customer's procurement team needs the latest SOC 2 Type II report for vendor review.,Security,Compliance Documentation,3 - Low,2 - Medium,4 - Low,On Hold,Security Operations,,Phone,Billing Platform,Data Warehouse Sync,New York,
INC0000172,2026-05-20 12:37:00,2026-05-20 23:09:00,Cameron Brown,Dunder Mifflin,Access logs requested for audit,The audit team needs access logs for the last quarter.,Security,Audit,2 - Medium,2 - Medium,3 - Moderate,In Progress,Security Operations,,Portal,Developer Platform,API Gateway,Chicago,
INC0000173,2026-05-04 14:37:00,2026-05-05 00:27:00,Jordan Blake,Roxxon Energy,SOC 2 report requested,The customer's procurement team needs the latest SOC 2 Type II report for vendor review.,Security,Compliance Documentation,3 - Low,2 - Medium,4 - Low,On Hold,Security Operations,,Email,Developer Platform,API Gateway,Remote,
INC0000174,2026-05-06 16:40:00,2026-05-07 16:19:00,Quinn Davis,Pied Piper,Pricing tier explanation requested,The customer wants an explanation of enterprise pricing tiers and additional user pricing.,Inquiry,Pricing,3 - Low,3 - Low,5 - Planning,New,Customer Success,,Portal,Billing Platform,Webhook Gateway,New York,
INC0000175,2026-05-15 13:26:00,2026-05-15 17:52:00,Casey Nguyen,Primatech Paper,Production integration stopped processing new records,The production Salesforce integration stopped processing new records and business users are missing updates.,Software,Integration,2 - Medium,1 - High,2 - High,On Hold,Application Engineering,,Portal,Security Review,Executive Dashboard,New York,
INC0000176,2026-05-07 16:20:00,2026-05-08 13:50:00,Quinn Davis,Nakatomi Trading,General request for documentation,The customer is asking for general documentation but did not specify the product area.,Inquiry,General,3 - Low,3 - Low,5 - Planning,In Progress,Service Desk,,Phone,Identity and Access,Billing Engine,Washington DC,
INC0000177,2026-05-21 12:39:00,2026-05-22 03:51:00,Riley Johnson,Umbrella Health,Question about encryption at rest,A security reviewer is asking whether customer data is encrypted at rest.,Security,Data Protection,3 - Low,2 - Medium,4 - Low,In Progress,Security Operations,,Phone,Reporting Dashboard,Webhook Gateway,New York,
INC0000178,2026-05-11 15:22:00,2026-05-12 09:21:00,Riley Johnson,Roxxon Energy,Pricing tier explanation requested,The customer wants an explanation of enterprise pricing tiers and additional user pricing.,Inquiry,Pricing,3 - Low,3 - Low,5 - Planning,On Hold,Customer Success,,Chat,Reporting Dashboard,Salesforce Connector,San Francisco,
INC0000179,2026-05-05 12:02:00,2026-05-05 21:47:00,Avery Patel,Globex,Question about encryption at rest,A security reviewer is asking whether customer data is encrypted at rest.,Security,Data Protection,3 - Low,2 - Medium,4 - Low,On Hold,Security Operations,,Chat,Developer Platform,API Gateway,New York,
INC0000180,2026-05-18 12:59:00,2026-05-19 06:43:00,Taylor Smith,Stark Industries,One user locked out,One user is locked out of the workspace but other users can log in successfully.,Access,Account Lockout,3 - Low,3 - Low,5 - Planning,New,Service Desk,,Portal,Admin Portal,Webhook Gateway,Washington DC,
INC0000181,2026-05-21 11:03:00,2026-05-21 14:29:00,Jamie Wilson,Wayne Enterprises,Invoice total appears incorrect,The invoice total appears incorrect for the April renewal and the customer wants a review.,Inquiry,Invoice,3 - Low,2 - Medium,4 - Low,New,Finance Operations,,Email,Admin Portal,Billing Engine,San Francisco,
INC0000182,2026-05-16 11:48:00,2026-05-16 21:08:00,Jordan Blake,Stark Industries,Pricing tier explanation requested,The customer wants an explanation of enterprise pricing tiers and additional user pricing.,Inquiry,Pricing,3 - Low,3 - Low,5 - Planning,On Hold,Customer Success,,Portal,Admin Portal,Webhook Gateway,New York,
INC0000183,2026-05-06 08:53:00,2026-05-06 21:43:00,Taylor Smith,Massive Dynamic,Question about SAML and SCIM support,The customer wants to know whether the API supports SAML authentication and SCIM provisioning.,Inquiry,Product Capability,3 - Low,3 - Low,5 - Planning,New,Customer Success,,Phone,Reporting Dashboard,Okta SSO,Washington DC,
INC0000184,2026-05-11 12:29:00,2026-05-12 09:03:00,Jamie Wilson,Nakatomi Trading,Scheduled workflow creating duplicate records,A scheduled workflow is creating duplicate records in the downstream system.,Software,Workflow,2 - Medium,2 - Medium,3 - Moderate,In Progress,Application Engineering,,Email,Billing Platform,Executive Dashboard,Remote,
INC0000185,2026-05-06 15:41:00,2026-05-07 00:26:00,Jordan Blake,Initech,SOC 2 report requested,The customer's procurement team needs the latest SOC 2 Type II report for vendor review.,Security,Compliance Documentation,3 - Low,2 - Medium,4 - Low,On Hold,Security Operations,,Email,Identity and Access,API Gateway,New York,
INC0000186,2026-05-14 16:20:00,2026-05-14 18:45:00,Morgan Lee,Oceanic Airlines,Access logs requested for audit,The audit team needs access logs for the last quarter.,Security,Audit,2 - Medium,2 - Medium,3 - Moderate,In Progress,Security Operations,,Phone,Billing Platform,Billing Engine,New York,
INC0000187,2026-05-09 14:15:00,2026-05-10 05:03:00,Avery Patel,Stark Industries,Production integration stopped processing new records,The production Salesforce integration stopped processing new records and business users are missing updates.,Software,Integration,2 - Medium,1 - High,2 - High,In Progress,Application Engineering,,Phone,Reporting Dashboard,Okta SSO,New York,
INC0000188,2026-05-04 15:19:00,2026-05-04 20:44:00,Cameron Brown,Oceanic Airlines,Dashboard unavailable for executive users,The reporting dashboard is unavailable and executives are asking for an immediate status update.,Software,Reporting,1 - High,1 - High,1 - Critical,On Hold,Application Engineering,,Phone,Reporting Dashboard,Salesforce Connector,Chicago,
INC0000189,2026-05-08 10:30:00,2026-05-08 14:59:00,Drew Martinez,Primatech Paper,Invoice total appears incorrect,The invoice total appears incorrect for the April renewal and the customer wants a review.,Inquiry,Invoice,3 - Low,2 - Medium,4 - Low,On Hold,Finance Operations,,Chat,Identity and Access,User Management,Washington DC,
INC0000190,2026-05-08 09:33:00,2026-05-09 00:06:00,Avery Patel,Primatech Paper,One user locked out,One user is locked out of the workspace but other users can log in successfully.,Access,Account Lockout,3 - Low,3 - Low,5 - Planning,New,Service Desk,,Email,Admin Portal,Salesforce Connector,Washington DC,
INC0000191,2026-05-06 13:54:00,2026-05-07 06:22:00,Casey Nguyen,Globex,User cannot access admin portal,A payroll administrator cannot access the admin portal before the payroll cutoff.,Access,Login,2 - Medium,1 - High,2 - High,On Hold,Service Desk,,Chat,Developer Platform,Salesforce Connector,Remote,
INC0000192,2026-05-05 16:26:00,2026-05-06 07:02:00,Cameron Brown,Acme Corp,Webhook retry behavior question,The customer asks whether webhook retries and dead-letter queues are supported.,Inquiry,Developer Platform,3 - Low,3 - Low,5 - Planning,On Hold,Customer Success,,Portal,Developer Platform,API Gateway,San Francisco,
INC0000193,2026-05-01 11:37:00,2026-05-01 13:39:00,Avery Patel,Hooli,Customer was charged twice,The customer reports they were charged twice and needs a refund.,Inquiry,Payment,2 - Medium,2 - Medium,3 - Moderate,New,Finance Operations,,Chat,Admin Portal,Okta SSO,Remote,
INC0000194,2026-05-14 10:49:00,2026-05-14 15:38:00,Quinn Davis,Oceanic Airlines,Billing address needs correction,The customer needs the billing address corrected before the next invoice is issued.,Inquiry,Billing Profile,3 - Low,3 - Low,5 - Planning,In Progress,Finance Operations,,Chat,Identity and Access,User Management,San Francisco,
INC0000195,2026-05-18 10:41:00,2026-05-18 21:48:00,Cameron Brown,Initech,API endpoint returning 500 errors,The customer is receiving 500 errors from the API endpoint after the latest release.,Software,API,2 - Medium,2 - Medium,3 - Moderate,On Hold,Application Engineering,,Email,Security Review,Billing Engine,Remote,
INC0000196,2026-05-10 15:43:00,2026-05-11 15:17:00,Cameron Brown,Hooli,Production integration stopped processing new records,The production Salesforce integration stopped processing new records and business users are missing updates.,Software,Integration,2 - Medium,1 - High,2 - High,New,Application Engineering,,Chat,Security Review,Webhook Gateway,Chicago,
INC0000197,2026-05-09 11:59:00,2026-05-10 11:47:00,Jordan Blake,Globex,User cannot access admin portal,A payroll administrator cannot access the admin portal before the payroll cutoff.,Access,Login,2 - Medium,1 - High,2 - High,New,Service Desk,,Email,Security Review,Okta SSO,Remote,
INC0000198,2026-05-20 08:28:00,2026-05-21 04:11:00,Jordan Blake,Primatech Paper,Scheduled workflow creating duplicate records,A scheduled workflow is creating duplicate records in the downstream system.,Software,Workflow,2 - Medium,2 - Medium,3 - Moderate,In Progress,Application Engineering,,Chat,Integration Platform,Okta SSO,New York,
INC0000199,2026-05-02 10:32:00,2026-05-02 19:46:00,Drew Martinez,Dunder Mifflin,One user locked out,One user is locked out of the workspace but other users can log in successfully.,Access,Account Lockout,3 - Low,3 - Low,5 - Planning,New,Service Desk,,Phone,Identity and Access,Data Warehouse Sync,New York,
INC0000200,2026-05-08 14:19:00,2026-05-08 22:22:00,Drew Martinez,Nakatomi Trading,General request for documentation,The customer is asking for general documentation but did not specify the product area.,Inquiry,General,3 - Low,3 - Low,5 - Planning,On Hold,Service Desk,,Chat,Billing Platform,User Management,Remote,
INC0000201,2026-05-21 14:50:00,2026-05-22 07:10:00,Quinn Davis,Primatech Paper,Question about encryption at rest,A security reviewer is asking whether customer data is encrypted at rest.,Security,Data Protection,3 - Low,2 - Medium,4 - Low,In Progress,Security Operations,,Chat,Security Review,Billing Engine,New York,
INC0000202,2026-05-08 11:19:00,2026-05-09 09:28:00,Jamie Wilson,Pied Piper,Pricing tier explanation requested,The customer wants an explanation of enterprise pricing tiers and additional user pricing.,Inquiry,Pricing,3 - Low,3 - Low,5 - Planning,In Progress,Customer Success,,Email,Customer Portal,User Management,San Francisco,
INC0000203,2026-05-09 11:21:00,2026-05-10 07:26:00,Jamie Wilson,Roxxon Energy,Invoice total appears incorrect,The invoice total appears incorrect for the April renewal and the customer wants a review.,Inquiry,Invoice,3 - Low,2 - Medium,4 - Low,On Hold,Finance Operations,,Email,Identity and Access,Salesforce Connector,Remote,
INC0000204,2026-05-13 08:55:00,2026-05-13 11:07:00,Drew Martinez,Pied Piper,Customer was charged twice,The customer reports they were charged twice and needs a refund.,Inquiry,Payment,2 - Medium,2 - Medium,3 - Moderate,New,Finance Operations,,Phone,Integration Platform,Executive Dashboard,Chicago,
INC0000205,2026-05-07 11:47:00,2026-05-07 15:34:00,Jamie Wilson,Pied Piper,Production integration stopped processing new records,The production Salesforce integration stopped processing new records and business users are missing updates.,Software,Integration,2 - Medium,1 - High,2 - High,In Progress,Application Engineering,,Email,Integration Platform,Webhook Gateway,Washington DC,
INC0000206,2026-05-10 14:29:00,2026-05-11 08:10:00,Riley Johnson,Wayne Enterprises,SOC 2 report requested,The customer's procurement team needs the latest SOC 2 Type II report for vendor review.,Security,Compliance Documentation,3 - Low,2 - Medium,4 - Low,On Hold,Security Operations,,Chat,Reporting Dashboard,Data Warehouse Sync,San Francisco,
INC0000207,2026-05-16 13:58:00,2026-05-16 20:21:00,Quinn Davis,Wayne Enterprises,Scheduled workflow creating duplicate records,A scheduled workflow is creating duplicate records in the downstream system.,Software,Workflow,2 - Medium,2 - Medium,3 - Moderate,On Hold,Application Engineering,,Email,Customer Portal,Webhook Gateway,Remote,
INC0000208,2026-05-18 14:18:00,2026-05-18 18:30:00,Casey Nguyen,Wayne Enterprises,Customer was charged twice,The customer reports they were charged twice and needs a refund.,Inquiry,Payment,2 - Medium,2 - Medium,3 - Moderate,In Progress,Finance Operations,,Phone,Security Review,Webhook Gateway,Chicago,
INC0000209,2026-05-21 15:29:00,2026-05-21 21:15:00,Avery Patel,Pied Piper,Pricing tier explanation requested,The customer wants an explanation of enterprise pricing tiers and additional user pricing.,Inquiry,Pricing,3 - Low,3 - Low,5 - Planning,On Hold,Customer Success,,Chat,Billing Platform,Billing Engine,New York,
INC0000210,2026-05-17 08:53:00,2026-05-17 11:45:00,Jordan Blake,Oceanic Airlines,Dashboard unavailable for executive users,The reporting dashboard is unavailable and executives are asking for an immediate status update.,Software,Reporting,1 - High,1 - High,1 - Critical,New,Application Engineering,,Email,Customer Portal,User Management,Remote,
INC0000211,2026-05-01 11:32:00,2026-05-02 01:55:00,Drew Martinez,Acme Corp,User cannot access admin portal,A payroll administrator cannot access the admin portal before the payroll cutoff.,Access,Login,2 - Medium,1 - High,2 - High,New,Service Desk,,Portal,Developer Platform,Executive Dashboard,Washington DC,
INC0000212,2026-05-01 08:33:00,2026-05-02 07:50:00,Riley Johnson,Nakatomi Trading,Question about SAML and SCIM support,The customer wants to know whether the API supports SAML authentication and SCIM provisioning.,Inquiry,Product Capability,3 - Low,3 - Low,5 - Planning,New,Customer Success,,Portal,Customer Portal,User Management,Remote,
INC0000213,2026-05-05 11:12:00,2026-05-06 06:45:00,Avery Patel,Stark Industries,General request for documentation,The customer is asking for general documentation but did not specify the product area.,Inquiry,General,3 - Low,3 - Low,5 - Planning,New,Service Desk,,Phone,Reporting Dashboard,User Management,San Francisco,
INC0000214,2026-05-19 11:44:00,2026-05-19 19:03:00,Morgan Lee,Oceanic Airlines,Webhook retry behavior question,The customer asks whether webhook retries and dead-letter queues are supported.,Inquiry,Developer Platform,3 - Low,3 - Low,5 - Planning,In Progress,Customer Success,,Chat,Customer Portal,Salesforce Connector,San Francisco,
INC0000215,2026-05-02 08:44:00,2026-05-02 13:49:00,Quinn Davis,Massive Dynamic,Pricing tier explanation requested,The customer wants an explanation of enterprise pricing tiers and additional user pricing.,Inquiry,Pricing,3 - Low,3 - Low,5 - Planning,On Hold,Customer Success,,Portal,Identity and Access,Salesforce Connector,New York,
INC0000216,2026-05-19 15:17:00,2026-05-19 17:16:00,Riley Johnson,Globex,One user locked out,One user is locked out of the workspace but other users can log in successfully.,Access,Account Lockout,3 - Low,3 - Low,5 - Planning,In Progress,Service Desk,,Portal,Customer Portal,Billing Engine,New York,
INC0000217,2026-05-13 09:19:00,2026-05-13 14:55:00,Drew Martinez,Umbrella Health,User cannot access admin portal,A payroll administrator cannot access the admin portal before the payroll cutoff.,Access,Login,2 - Medium,1 - High,2 - High,In Progress,Service Desk,,Email,Security Review,Data Warehouse Sync,Remote,
INC0000218,2026-05-12 08:06:00,2026-05-12 21:20:00,Morgan Lee,Dunder Mifflin,General request for documentation,The customer is asking for general documentation but did not specify the product area.,Inquiry,General,3 - Low,3 - Low,5 - Planning,In Progress,Service Desk,,Portal,Identity and Access,User Management,Chicago,
INC0000219,2026-05-16 11:22:00,2026-05-17 04:46:00,Taylor Smith,Hooli,Webhook retry behavior question,The customer asks whether webhook retries and dead-letter queues are supported.,Inquiry,Developer Platform,3 - Low,3 - Low,5 - Planning,On Hold,Customer Success,,Phone,Security Review,Salesforce Connector,New York,
INC0000220,2026-05-03 12:09:00,2026-05-04 00:54:00,Taylor Smith,Pied Piper,API endpoint returning 500 errors,The customer is receiving 500 errors from the API endpoint after the latest release.,Software,API,2 - Medium,2 - Medium,3 - Moderate,In Progress,Application Engineering,,Portal,Security Review,Data Warehouse Sync,Remote,
INC0000221,2026-05-10 15:23:00,2026-05-11 15:40:00,Taylor Smith,Globex,Production integration stopped processing new records,The production Salesforce integration stopped processing new records and business users are missing updates.,Software,Integration,2 - Medium,1 - High,2 - High,In Progress,Application Engineering,,Chat,Admin Portal,Billing Engine,Washington DC,
INC0000222,2026-05-14 09:01:00,2026-05-14 11:23:00,Morgan Lee,Nakatomi Trading,General request for documentation,The customer is asking for general documentation but did not specify the product area.,Inquiry,General,3 - Low,3 - Low,5 - Planning,New,Service Desk,,Phone,Identity and Access,User Management,San Francisco,
INC0000223,2026-05-03 16:57:00,2026-05-04 00:33:00,Taylor Smith,Nakatomi Trading,Access logs requested for audit,The audit team needs access logs for the last quarter.,Security,Audit,2 - Medium,2 - Medium,3 - Moderate,New,Security Operations,,Phone,Security Review,Billing Engine,Chicago,
INC0000224,2026-05-16 10:04:00,2026-05-16 15:31:00,Quinn Davis,Stark Industries,Customer was charged twice,The customer reports they were charged twice and needs a refund.,Inquiry,Payment,2 - Medium,2 - Medium,3 - Moderate,New,Finance Operations,,Phone,Reporting Dashboard,Executive Dashboard,Chicago,
INC0000225,2026-05-21 15:38:00,2026-05-22 10:50:00,Morgan Lee,Massive Dynamic,Invoice total appears incorrect,The invoice total appears incorrect for the April renewal and the customer wants a review.,Inquiry,Invoice,3 - Low,2 - Medium,4 - Low,New,Finance Operations,,Chat,Billing Platform,API Gateway,Chicago,
INC0000226,2026-05-11 15:21:00,2026-05-12 05:13:00,Drew Martinez,Dunder Mifflin,Access logs requested for audit,The audit team needs access logs for the last quarter.,Security,Audit,2 - Medium,2 - Medium,3 - Moderate,In Progress,Security Operations,,Email,Billing Platform,API Gateway,San Francisco,
INC0000227,2026-05-06 14:20:00,2026-05-07 00:07:00,Jamie Wilson,Primatech Paper,SOC 2 report requested,The customer's procurement team needs the latest SOC 2 Type II report for vendor review.,Security,Compliance Documentation,3 - Low,2 - Medium,4 - Low,In Progress,Security Operations,,Phone,Integration Platform,Data Warehouse Sync,San Francisco,
INC0000228,2026-05-04 11:37:00,2026-05-05 04:48:00,Cameron Brown,Oceanic Airlines,Question about encryption at rest,A security reviewer is asking whether customer data is encrypted at rest.,Security,Data Protection,3 - Low,2 - Medium,4 - Low,On Hold,Security Operations,,Email,Customer Portal,Executive Dashboard,San Francisco,
INC0000229,2026-05-03 14:43:00,2026-05-04 05:51:00,Riley Johnson,Oceanic Airlines,Billing address needs correction,The customer needs the billing address corrected before the next invoice is issued.,Inquiry,Billing Profile,3 - Low,3 - Low,5 - Planning,On Hold,Finance Operations,,Email,Integration Platform,API Gateway,San Francisco,
INC0000230,2026-05-03 15:38:00,2026-05-04 07:15:00,Cameron Brown,Hooli,Access logs requested for audit,The audit team needs access logs for the last quarter.,Security,Audit,2 - Medium,2 - Medium,3 - Moderate,In Progress,Security Operations,,Portal,Security Review,Okta SSO,Remote,
INC0000231,2026-05-12 10:41:00,2026-05-13 05:43:00,Quinn Davis,Cyberdyne Systems,Invoice total appears incorrect,The invoice total appears incorrect for the April renewal and the customer wants a review.,Inquiry,Invoice,3 - Low,2 - Medium,4 - Low,New,Finance Operations,,Portal,Identity and Access,User Management,Remote,
INC0000232,2026-05-08 16:47:00,2026-05-09 09:22:00,Drew Martinez,Cyberdyne Systems,Customer was charged twice,The customer reports they were charged twice and needs a refund.,Inquiry,Payment,2 - Medium,2 - Medium,3 - Moderate,In Progress,Finance Operations,,Chat,Integration Platform,Executive Dashboard,San Francisco,
INC0000233,2026-05-05 13:01:00,2026-05-06 04:07:00,Quinn Davis,Stark Industries,General request for documentation,The customer is asking for general documentation but did not specify the product area.,Inquiry,General,3 - Low,3 - Low,5 - Planning,On Hold,Service Desk,,Email,Admin Portal,Salesforce Connector,Chicago,
INC0000234,2026-05-11 15:50:00,2026-05-11 22:23:00,Avery Patel,Massive Dynamic,Billing address needs correction,The customer needs the billing address corrected before the next invoice is issued.,Inquiry,Billing Profile,3 - Low,3 - Low,5 - Planning,In Progress,Finance Operations,,Chat,Developer Platform,Salesforce Connector,Chicago,
INC0000235,2026-05-10 08:51:00,2026-05-11 06:58:00,Avery Patel,Acme Corp,API endpoint returning 500 errors,The customer is receiving 500 errors from the API endpoint after the latest release.,Software,API,2 - Medium,2 - Medium,3 - Moderate,On Hold,Application Engineering,,Email,Admin Portal,Billing Engine,Washington DC,
INC0000236,2026-05-18 10:21:00,2026-05-19 03:48:00,Casey Nguyen,Massive Dynamic,Password reset email not received,The user cannot reset their password because the reset email never arrives.,Access,Password Reset,3 - Low,2 - Medium,4 - Low,New,Service Desk,,Chat,Security Review,Billing Engine,San Francisco,
INC0000237,2026-05-20 11:28:00,2026-05-21 05:55:00,Jordan Blake,Hooli,Production integration stopped processing new records,The production Salesforce integration stopped processing new records and business users are missing updates.,Software,Integration,2 - Medium,1 - High,2 - High,In Progress,Application Engineering,,Portal,Integration Platform,Webhook Gateway,Washington DC,
INC0000238,2026-05-18 10:23:00,2026-05-18 20:35:00,Morgan Lee,Massive Dynamic,Scheduled workflow creating duplicate records,A scheduled workflow is creating duplicate records in the downstream system.,Software,Workflow,2 - Medium,2 - Medium,3 - Moderate,On Hold,Application Engineering,,Phone,Reporting Dashboard,Executive Dashboard,Washington DC,
INC0000239,2026-05-20 14:37:00,2026-05-20 17:59:00,Jamie Wilson,Wayne Enterprises,Access logs requested for audit,The audit team needs access logs for the last quarter.,Security,Audit,2 - Medium,2 - Medium,3 - Moderate,On Hold,Security Operations,,Portal,Billing Platform,API Gateway,New York,
INC0000240,2026-05-04 11:19:00,2026-05-04 14:30:00,Taylor Smith,Wayne Enterprises,SOC 2 report requested,The customer's procurement team needs the latest SOC 2 Type II report for vendor review.,Security,Compliance Documentation,3 - Low,2 - Medium,4 - Low,On Hold,Security Operations,,Email,Security Review,User Management,Washington DC,
INC0000241,2026-05-14 10:31:00,2026-05-15 07:05:00,Taylor Smith,Primatech Paper,Access logs requested for audit,The audit team needs access logs for the last quarter.,Security,Audit,2 - Medium,2 - Medium,3 - Moderate,In Progress,Security Operations,,Email,Billing Platform,Executive Dashboard,New York,
INC0000242,2026-05-15 08:55:00,2026-05-15 19:55:00,Taylor Smith,Massive Dynamic,SOC 2 report requested,The customer's procurement team needs the latest SOC 2 Type II report for vendor review.,Security,Compliance Documentation,3 - Low,2 - Medium,4 - Low,On Hold,Security Operations,,Chat,Integration Platform,User Management,San Francisco,
INC0000243,2026-05-14 15:31:00,2026-05-14 20:36:00,Jordan Blake,Cyberdyne Systems,Pricing tier explanation requested,The customer wants an explanation of enterprise pricing tiers and additional user pricing.,Inquiry,Pricing,3 - Low,3 - Low,5 - Planning,New,Customer Success,,Phone,Integration Platform,API Gateway,New York,
INC0000244,2026-05-06 15:36:00,2026-05-07 15:25:00,Jamie Wilson,Pied Piper,Billing address needs correction,The customer needs the billing address corrected before the next invoice is issued.,Inquiry,Billing Profile,3 - Low,3 - Low,5 - Planning,In Progress,Finance Operations,,Phone,Admin Portal,Salesforce Connector,Washington DC,
INC0000245,2026-05-15 16:13:00,2026-05-16 05:19:00,Casey Nguyen,Primatech Paper,Dashboard unavailable for executive users,The reporting dashboard is unavailable and executives are asking for an immediate status update.,Software,Reporting,1 - High,1 - High,1 - Critical,In Progress,Application Engineering,,Phone,Reporting Dashboard,Okta SSO,Chicago,
INC0000246,2026-05-15 09:49:00,2026-05-15 17:02:00,Drew Martinez,Pied Piper,API endpoint returning 500 errors,The customer is receiving 500 errors from the API endpoint after the latest release.,Software,API,2 - Medium,2 - Medium,3 - Moderate,New,Application Engineering,,Email,Identity and Access,User Management,New York,
INC0000247,2026-05-02 13:34:00,2026-05-02 22:12:00,Taylor Smith,Nakatomi Trading,One user locked out,One user is locked out of the workspace but other users can log in successfully.,Access,Account Lockout,3 - Low,3 - Low,5 - Planning,In Progress,Service Desk,,Phone,Identity and Access,API Gateway,Washington DC,
INC0000248,2026-05-05 14:58:00,2026-05-05 16:15:00,Taylor Smith,Dunder Mifflin,Scheduled workflow creating duplicate records,A scheduled workflow is creating duplicate records in the downstream system.,Software,Workflow,2 - Medium,2 - Medium,3 - Moderate,New,Application Engineering,,Phone,Billing Platform,Webhook Gateway,New York,
INC0000249,2026-05-16 10:36:00,2026-05-17 06:53:00,Quinn Davis,Oceanic Airlines,Access logs requested for audit,The audit team needs access logs for the last quarter.,Security,Audit,2 - Medium,2 - Medium,3 - Moderate,New,Security Operations,,Portal,Security Review,Executive Dashboard,San Francisco,
INC0000250,2026-05-09 13:29:00,2026-05-10 04:49:00,Jordan Blake,Cyberdyne Systems,General request for documentation,The customer is asking for general documentation but did not specify the product area.,Inquiry,General,3 - Low,3 - Low,5 - Planning,On Hold,Service Desk,,Phone,Admin Portal,Executive Dashboard,Remote,
INC0000251,2026-05-07 14:52:00,2026-05-07 21:23:00,Avery Patel,Stark Industries,Access logs requested for audit,The audit team needs access logs for the last quarter.,Security,Audit,2 - Medium,2 - Medium,3 - Moderate,On Hold,Security Operations,,Email,Reporting Dashboard,Data Warehouse Sync,Washington DC,
INC0000252,2026-05-11 08:02:00,2026-05-11 11:42:00,Jamie Wilson,Pied Piper,Pricing tier explanation requested,The customer wants an explanation of enterprise pricing tiers and additional user pricing.,Inquiry,Pricing,3 - Low,3 - Low,5 - Planning,New,Customer Success,,Chat,Customer Portal,Salesforce Connector,San Francisco,
INC0000253,2026-05-14 11:44:00,2026-05-14 16:40:00,Riley Johnson,Oceanic Airlines,Production integration stopped processing new records,The production Salesforce integration stopped processing new records and business users are missing updates.,Software,Integration,2 - Medium,1 - High,2 - High,New,Application Engineering,,Phone,Billing Platform,API Gateway,Chicago,
INC0000254,2026-05-12 10:03:00,2026-05-12 22:43:00,Casey Nguyen,Stark Industries,API endpoint returning 500 errors,The customer is receiving 500 errors from the API endpoint after the latest release.,Software,API,2 - Medium,2 - Medium,3 - Moderate,On Hold,Application Engineering,,Portal,Security Review,Salesforce Connector,Remote,
INC0000255,2026-05-16 09:08:00,2026-05-17 03:22:00,Jamie Wilson,Nakatomi Trading,One user locked out,One user is locked out of the workspace but other users can log in successfully.,Access,Account Lockout,3 - Low,3 - Low,5 - Planning,On Hold,Service Desk,,Phone,Customer Portal,Okta SSO,Remote,
INC0000256,2026-05-05 15:04:00,2026-05-05 22:28:00,Morgan Lee,Globex,Question about SAML and SCIM support,The customer wants to know whether the API supports SAML authentication and SCIM provisioning.,Inquiry,Product Capability,3 - Low,3 - Low,5 - Planning,In Progress,Customer Success,,Phone,Admin Portal,Data Warehouse Sync,New York,
INC0000257,2026-05-05 10:04:00,2026-05-06 02:40:00,Drew Martinez,Acme Corp,Access logs requested for audit,The audit team needs access logs for the last quarter.,Security,Audit,2 - Medium,2 - Medium,3 - Moderate,In Progress,Security Operations,,Email,Billing Platform,Executive Dashboard,New York,
INC0000258,2026-05-20 15:55:00,2026-05-20 22:00:00,Morgan Lee,Roxxon Energy,Question about SAML and SCIM support,The customer wants to know whether the API supports SAML authentication and SCIM provisioning.,Inquiry,Product Capability,3 - Low,3 - Low,5 - Planning,On Hold,Customer Success,,Chat,Billing Platform,Salesforce Connector,Chicago,
INC0000259,2026-05-11 10:15:00,2026-05-11 18:56:00,Casey Nguyen,Globex,Question about SAML and SCIM support,The customer wants to know whether the API supports SAML authentication and SCIM provisioning.,Inquiry,Product Capability,3 - Low,3 - Low,5 - Planning,On Hold,Customer Success,,Phone,Reporting Dashboard,Okta SSO,New York,
INC0000260,2026-05-20 16:12:00,2026-05-21 15:37:00,Jordan Blake,Stark Industries,General request for documentation,The customer is asking for general documentation but did not specify the product area.,Inquiry,General,3 - Low,3 - Low,5 - Planning,In Progress,Service Desk,,Portal,Integration Platform,Executive Dashboard,New York,
INC0000261,2026-05-21 09:33:00,2026-05-21 09:56:00,Avery Patel,Roxxon Energy,Pricing tier explanation requested,The customer wants an explanation of enterprise pricing tiers and additional user pricing.,Inquiry,Pricing,3 - Low,3 - Low,5 - Planning,On Hold,Customer Success,,Chat,Billing Platform,User Management,Chicago,
INC0000262,2026-05-16 09:01:00,2026-05-17 03:05:00,Riley Johnson,Acme Corp,Password reset email not received,The user cannot reset their password because the reset email never arrives.,Access,Password Reset,3 - Low,2 - Medium,4 - Low,New,Service Desk,,Chat,Integration Platform,Okta SSO,Washington DC,
INC0000263,2026-05-21 16:49:00,2026-05-22 06:16:00,Quinn Davis,Primatech Paper,Billing address needs correction,The customer needs the billing address corrected before the next invoice is issued.,Inquiry,Billing Profile,3 - Low,3 - Low,5 - Planning,In Progress,Finance Operations,,Portal,Admin Portal,Billing Engine,Chicago,
INC0000264,2026-05-17 11:51:00,2026-05-17 16:25:00,Quinn Davis,Wayne Enterprises,API endpoint returning 500 errors,The customer is receiving 500 errors from the API endpoint after the latest release.,Software,API,2 - Medium,2 - Medium,3 - Moderate,On Hold,Application Engineering,,Chat,Admin Portal,API Gateway,New York,
INC0000265,2026-05-08 09:59:00,2026-05-08 23:06:00,Drew Martinez,Massive Dynamic,Dashboard unavailable for executive users,The reporting dashboard is unavailable and executives are asking for an immediate status update.,Software,Reporting,1 - High,1 - High,1 - Critical,On Hold,Application Engineering,,Email,Customer Portal,API Gateway,Remote,
INC0000266,2026-05-05 08:10:00,2026-05-05 23:32:00,Cameron Brown,Nakatomi Trading,Production integration stopped processing new records,The production Salesforce integration stopped processing new records and business users are missing updates.,Software,Integration,2 - Medium,1 - High,2 - High,In Progress,Application Engineering,,Email,Reporting Dashboard,Billing Engine,Chicago,
INC0000267,2026-05-01 13:51:00,2026-05-02 03:08:00,Morgan Lee,Nakatomi Trading,Scheduled workflow creating duplicate records,A scheduled workflow is creating duplicate records in the downstream system.,Software,Workflow,2 - Medium,2 - Medium,3 - Moderate,In Progress,Application Engineering,,Chat,Reporting Dashboard,Salesforce Connector,Washington DC,
INC0000268,2026-05-02 15:54:00,2026-05-03 10:04:00,Taylor Smith,Wayne Enterprises,Question about encryption at rest,A security reviewer is asking whether customer data is encrypted at rest.,Security,Data Protection,3 - Low,2 - Medium,4 - Low,On Hold,Security Operations,,Portal,Reporting Dashboard,Salesforce Connector,New York,
INC0000269,2026-05-01 08:54:00,2026-05-01 09:09:00,Jamie Wilson,Acme Corp,General request for documentation,The customer is asking for general documentation but did not specify the product area.,Inquiry,General,3 - Low,3 - Low,5 - Planning,New,Service Desk,,Email,Identity and Access,User Management,Remote,
INC0000270,2026-05-08 13:15:00,2026-05-09 03:13:00,Avery Patel,Primatech Paper,Question about SAML and SCIM support,The customer wants to know whether the API supports SAML authentication and SCIM provisioning.,Inquiry,Product Capability,3 - Low,3 - Low,5 - Planning,On Hold,Customer Success,,Phone,Reporting Dashboard,Salesforce Connector,Remote,
INC0000271,2026-05-02 10:14:00,2026-05-03 02:16:00,Morgan Lee,Hooli,General request for documentation,The customer is asking for general documentation but did not specify the product area.,Inquiry,General,3 - Low,3 - Low,5 - Planning,In Progress,Service Desk,,Phone,Developer Platform,API Gateway,Remote,
INC0000272,2026-05-01 13:12:00,2026-05-01 22:48:00,Riley Johnson,Pied Piper,Webhook retry behavior question,The customer asks whether webhook retries and dead-letter queues are supported.,Inquiry,Developer Platform,3 - Low,3 - Low,5 - Planning,In Progress,Customer Success,,Chat,Integration Platform,Executive Dashboard,New York,
INC0000273,2026-05-05 08:59:00,2026-05-05 22:00:00,Cameron Brown,Umbrella Health,Invoice total appears incorrect,The invoice total appears incorrect for the April renewal and the customer wants a review.,Inquiry,Invoice,3 - Low,2 - Medium,4 - Low,In Progress,Finance Operations,,Portal,Identity and Access,Okta SSO,San Francisco,
INC0000274,2026-05-04 11:33:00,2026-05-04 18:59:00,Jordan Blake,Massive Dynamic,Billing address needs correction,The customer needs the billing address corrected before the next invoice is issued.,Inquiry,Billing Profile,3 - Low,3 - Low,5 - Planning,New,Finance Operations,,Portal,Billing Platform,API Gateway,New York,
INC0000275,2026-05-14 13:29:00,2026-05-15 12:34:00,Morgan Lee,Cyberdyne Systems,General request for documentation,The customer is asking for general documentation but did not specify the product area.,Inquiry,General,3 - Low,3 - Low,5 - Planning,New,Service Desk,,Portal,Billing Platform,User Management,San Francisco,
INC0000276,2026-05-08 12:16:00,2026-05-08 23:15:00,Quinn Davis,Pied Piper,User cannot access admin portal,A payroll administrator cannot access the admin portal before the payroll cutoff.,Access,Login,2 - Medium,1 - High,2 - High,In Progress,Service Desk,,Phone,Identity and Access,Data Warehouse Sync,New York,
INC0000277,2026-05-07 10:49:00,2026-05-08 11:26:00,Taylor Smith,Globex,API endpoint returning 500 errors,The customer is receiving 500 errors from the API endpoint after the latest release.,Software,API,2 - Medium,2 - Medium,3 - Moderate,In Progress,Application Engineering,,Chat,Admin Portal,Billing Engine,Chicago,
INC0000278,2026-05-04 16:22:00,2026-05-05 16:35:00,Riley Johnson,Massive Dynamic,Question about SAML and SCIM support,The customer wants to know whether the API supports SAML authentication and SCIM provisioning.,Inquiry,Product Capability,3 - Low,3 - Low,5 - Planning,New,Customer Success,,Portal,Developer Platform,API Gateway,New York,
INC0000279,2026-05-20 08:13:00,2026-05-20 18:22:00,Casey Nguyen,Globex,Billing address needs correction,The customer needs the billing address corrected before the next invoice is issued.,Inquiry,Billing Profile,3 - Low,3 - Low,5 - Planning,On Hold,Finance Operations,,Portal,Identity and Access,User Management,Chicago,
INC0000280,2026-05-06 08:25:00,2026-05-06 23:00:00,Cameron Brown,Primatech Paper,Customer was charged twice,The customer reports they were charged twice and needs a refund.,Inquiry,Payment,2 - Medium,2 - Medium,3 - Moderate,In Progress,Finance Operations,,Portal,Integration Platform,Salesforce Connector,New York,
INC0000281,2026-05-01 08:53:00,2026-05-02 09:07:00,Casey Nguyen,Initech,Scheduled workflow creating duplicate records,A scheduled workflow is creating duplicate records in the downstream system.,Software,Workflow,2 - Medium,2 - Medium,3 - Moderate,On Hold,Application Engineering,,Portal,Security Review,Data Warehouse Sync,Washington DC,
INC0000282,2026-05-03 08:04:00,2026-05-03 15:01:00,Jamie Wilson,Oceanic Airlines,Customer was charged twice,The customer reports they were charged twice and needs a refund.,Inquiry,Payment,2 - Medium,2 - Medium,3 - Moderate,In Progress,Finance Operations,,Portal,Billing Platform,Salesforce Connector,Remote,
INC0000283,2026-05-02 10:59:00,2026-05-03 05:26:00,Quinn Davis,Dunder Mifflin,Webhook retry behavior question,The customer asks whether webhook retries and dead-letter queues are supported.,Inquiry,Developer Platform,3 - Low,3 - Low,5 - Planning,In Progress,Customer Success,,Chat,Developer Platform,Okta SSO,New York,
INC0000284,2026-05-07 10:17:00,2026-05-07 18:45:00,Taylor Smith,Roxxon Energy,Question about encryption at rest,A security reviewer is asking whether customer data is encrypted at rest.,Security,Data Protection,3 - Low,2 - Medium,4 - Low,On Hold,Security Operations,,Phone,Customer Portal,Webhook Gateway,San Francisco,
INC0000285,2026-05-18 15:03:00,2026-05-18 17:20:00,Taylor Smith,Hooli,Question about SAML and SCIM support,The customer wants to know whether the API supports SAML authentication and SCIM provisioning.,Inquiry,Product Capability,3 - Low,3 - Low,5 - Planning,On Hold,Customer Success,,Email,Security Review,Webhook Gateway,Washington DC,
INC0000286,2026-05-13 13:30:00,2026-05-14 07:20:00,Avery Patel,Massive Dynamic,Production integration stopped processing new records,The production Salesforce integration stopped processing new records and business users are missing updates.,Software,Integration,2 - Medium,1 - High,2 - High,In Progress,Application Engineering,,Email,Identity and Access,User Management,Remote,
INC0000287,2026-05-20 11:01:00,2026-05-21 11:18:00,Jamie Wilson,Acme Corp,SOC 2 report requested,The customer's procurement team needs the latest SOC 2 Type II report for vendor review.,Security,Compliance Documentation,3 - Low,2 - Medium,4 - Low,New,Security Operations,,Portal,Identity and Access,Webhook Gateway,New York,
INC0000288,2026-05-09 16:52:00,2026-05-10 15:55:00,Casey Nguyen,Pied Piper,Invoice total appears incorrect,The invoice total appears incorrect for the April renewal and the customer wants a review.,Inquiry,Invoice,3 - Low,2 - Medium,4 - Low,New,Finance Operations,,Email,Security Review,Data Warehouse Sync,New York,
INC0000289,2026-05-12 08:45:00,2026-05-13 07:07:00,Drew Martinez,Cyberdyne Systems,SOC 2 report requested,The customer's procurement team needs the latest SOC 2 Type II report for vendor review.,Security,Compliance Documentation,3 - Low,2 - Medium,4 - Low,In Progress,Security Operations,,Phone,Billing Platform,Webhook Gateway,New York,
INC0000290,2026-05-02 09:03:00,2026-05-02 16:41:00,Jordan Blake,Umbrella Health,Pricing tier explanation requested,The customer wants an explanation of enterprise pricing tiers and additional user pricing.,Inquiry,Pricing,3 - Low,3 - Low,5 - Planning,In Progress,Customer Success,,Email,Developer Platform,Okta SSO,New York,
INC0000291,2026-05-06 13:03:00,2026-05-06 13:12:00,Taylor Smith,Cyberdyne Systems,SOC 2 report requested,The customer's procurement team needs the latest SOC 2 Type II report for vendor review.,Security,Compliance Documentation,3 - Low,2 - Medium,4 - Low,New,Security Operations,,Phone,Admin Portal,Data Warehouse Sync,San Francisco,
INC0000292,2026-05-11 12:20:00,2026-05-11 16:30:00,Quinn Davis,Primatech Paper,Scheduled workflow creating duplicate records,A scheduled workflow is creating duplicate records in the downstream system.,Software,Workflow,2 - Medium,2 - Medium,3 - Moderate,New,Application Engineering,,Phone,Developer Platform,Data Warehouse Sync,New York,
INC0000293,2026-05-13 12:46:00,2026-05-14 11:04:00,Taylor Smith,Initech,Password reset email not received,The user cannot reset their password because the reset email never arrives.,Access,Password Reset,3 - Low,2 - Medium,4 - Low,On Hold,Service Desk,,Portal,Customer Portal,User Management,New York,
INC0000294,2026-05-20 11:40:00,2026-05-21 05:46:00,Jamie Wilson,Roxxon Energy,SOC 2 report requested,The customer's procurement team needs the latest SOC 2 Type II report for vendor review.,Security,Compliance Documentation,3 - Low,2 - Medium,4 - Low,On Hold,Security Operations,,Portal,Billing Platform,Data Warehouse Sync,New York,
INC0000295,2026-05-11 10:40:00,2026-05-11 13:32:00,Avery Patel,Primatech Paper,Question about encryption at rest,A security reviewer is asking whether customer data is encrypted at rest.,Security,Data Protection,3 - Low,2 - Medium,4 - Low,In Progress,Security Operations,,Email,Developer Platform,Okta SSO,New York,
INC0000296,2026-05-12 12:50:00,2026-05-12 16:36:00,Jordan Blake,Acme Corp,API endpoint returning 500 errors,The customer is receiving 500 errors from the API endpoint after the latest release.,Software,API,2 - Medium,2 - Medium,3 - Moderate,On Hold,Application Engineering,,Chat,Security Review,Executive Dashboard,New York,
INC0000297,2026-05-16 14:22:00,2026-05-17 07:46:00,Jamie Wilson,Globex,Question about SAML and SCIM support,The customer wants to know whether the API supports SAML authentication and SCIM provisioning.,Inquiry,Product Capability,3 - Low,3 - Low,5 - Planning,In Progress,Customer Success,,Portal,Integration Platform,Billing Engine,Remote,
INC0000298,2026-05-01 13:16:00,2026-05-01 16:20:00,Taylor Smith,Wayne Enterprises,Billing address needs correction,The customer needs the billing address corrected before the next invoice is issued.,Inquiry,Billing Profile,3 - Low,3 - Low,5 - Planning,On Hold,Finance Operations,,Portal,Security Review,Billing Engine,Washington DC,
INC0000299,2026-05-11 15:45:00,2026-05-11 16:12:00,Taylor Smith,Oceanic Airlines,API endpoint returning 500 errors,The customer is receiving 500 errors from the API endpoint after the latest release.,Software,API,2 - Medium,2 - Medium,3 - Moderate,New,Application Engineering,,Portal,Security Review,Billing Engine,Chicago,
INC0000300,2026-05-07 14:44:00,2026-05-08 08:30:00,Cameron Brown,Roxxon Energy,One user locked out,One user is locked out of the workspace but other users can log in successfully.,Access,Account Lockout,3 - Low,3 - Low,5 - Planning,In Progress,Service Desk,,Email,Reporting Dashboard,API Gateway,Remote,
